trial,batch_id,submission_latency_ms,verification_latency_ms,gas_used,verified,transaction_hash
0,benchmark-7-0,23.97969999947236,8.581300000514602,96536,True,6decc309fe69da9d6bef633fb7f1982da03e30b49b4b3ed32a1da7ddad490099
1,benchmark-7-1,25.526900000841124,9.718299999804003,96536,True,3d08890b6a10f34ef15a5c120de0e1306ea6d22d8f4cd583d50c7ce0cf4c9c0b
2,benchmark-7-2,24.05240000007325,8.543899999494897,96536,True,6671a31f632633025552382f35ac30291cfa73891c8f1e87812d1d7cbb0ae7fc
3,benchmark-7-3,23.523500000010245,7.5829000015801284,96536,True,156416b3b40d09cbe501588b85cb0df043a566d32a83e9a178d303c615c3e2b7
4,benchmark-7-4,21.871400000236463,7.31390000146348,96536,True,e57f89f94208791ba3c46d787a21c87cdf05ee9d927f7a83443ff312c45fd244
5,benchmark-7-5,21.66869999928167,7.132499998988351,96524,True,d8efafc6e3a4ab8fa5099476e74e36f6e422da376ee7e39ab9ab93be5a686fa1
6,benchmark-7-6,21.091999999043765,7.105500000761822,96536,True,04f5a93fb541742d898f3373a5f6370e059f86db98da5611a4b3a25e8a7025e7
7,benchmark-7-7,21.698699998523807,7.085500001267064,96536,True,0c1431bac0fc063044f66e5726f6d81bbf7adc6221f9d1aff2a7f85253a80a4c
8,benchmark-7-8,21.30340000076103,7.782099997712066,96524,True,e7f527d4cb05f6e7f8c5f4e87c819e60b7c323cde39f29b35839afb88cdd228a
9,benchmark-7-9,22.05630000025849,7.779600000503706,96536,True,c0c8c6d79868c199c0f356ee61e19eda4882331c5a06528d301ba88da7f7c799
10,benchmark-7-10,22.545499999978347,7.8145000006770715,96536,True,5158fb4de31652448cfdc73cae64d3ba768c230effdee322fe911f47cc338a2e
11,benchmark-7-11,21.91820000007283,7.426500000292435,96536,True,b72be16c3de2a5d21f45b0d6c2309d46518c53d588138711c7d8535843395477
12,benchmark-7-12,21.227699999144534,7.084000000759261,96524,True,4e32b49fd28031fa8f4dd4dfb29c715cd26093ee4bac37f9f9f893c3c0785ca2
13,benchmark-7-13,20.3481999997166,6.757399998605251,96536,True,395babaf35cda908d6f8b686ea53c13221e061fa0d2d3f1c34ca77ef740da8ea
14,benchmark-7-14,20.724000001791865,7.327700001042103,96536,True,90ff9df1e677e3defd7d562a14fbf4ebf2d49f3955ea3dc6b37b55782ec9690f
15,benchmark-7-15,21.317200000339653,6.867700001748744,96536,True,90d4093790cc42c12bad7e1f44aea7b8f35510b551a1565e83a1a2af48808f21
16,benchmark-7-16,21.07600000090315,6.828000001405599,96536,True,b2df2afacba9212149709221dcc1d07a5c38590bec0cc26221f6ed671714a602
17,benchmark-7-17,55.39249999856111,10.865300002478762,96524,True,911dbfd59b1ebbf7e0d2dcbe0bcc08d0233dc94112972c23a12ac33476a69765
18,benchmark-7-18,21.23780000329134,6.855299998278497,96536,True,03f3994df5e0acd49a7138d1c243694a2eda14aec98508ef36853010e78195c1
19,benchmark-7-19,20.98199999818462,6.9838000017625745,96536,True,2470c74f40e3b93c97f2478c59d265587e51a43c9834b661b0462dfbc324e51d
20,benchmark-7-20,20.972999998775776,6.913500001246575,96536,True,55e8d7780a011b353f4dc4131e2995b6e0d2b4d6bc12d77e9a3e3d8763354c27
21,benchmark-7-21,23.82009999928414,6.898000003275229,96536,True,70185e3cf69fb7d6e4b91ada1ebcfd3cb807a97912bc366dd0a3afb32036797f
22,benchmark-7-22,21.551999998337124,6.950700000743382,96536,True,9f33cda057766a1c630c8e426b9af92ac0fd9d63e0c4a7bd5acf1f4135180bc3
23,benchmark-7-23,21.091399998113047,7.097599998814985,96524,True,b88d2e5f8b1355d38f530083bb8489c18538e8a6d739cd9a62f6f5723959f078
24,benchmark-7-24,21.420500001113396,6.826799999544164,96536,True,29c2eaec7889e8b001f7b9beaddf6116872e13e1b8a19c41c6ffcf657f5f261e
25,benchmark-7-25,21.35679999992135,6.87830000242684,96524,True,3ff940af8e49d5cb26fd760186e8adfc24ae1edf88d29d15a50451499e9e0950
26,benchmark-7-26,20.81190000171773,6.768499999452615,96536,True,ab914f89702605a88095de7e748ef6d2b1786480f7ecb1bdbf049f570dcd9ce3
27,benchmark-7-27,21.778199999971548,7.039799998892704,96536,True,500e6f7c2d4fa82d459033559ae54c71c389ede2cc05aa50f769bc7fb35d70ca
28,benchmark-7-28,21.334400000341702,6.743799996911548,96524,True,d81ad7ed6d6939bdeb84027202aa6d5e62a31f696565076c9613dd988775c66b
29,benchmark-7-29,21.133000002009794,7.143799997720635,96536,True,9df471ab7c170224f4276228398cf10ee4145f668971ecae259b86a657d503f2
