seed,scenario,actual_attack,attack_indices,residual_detected,residual_statistic,residual_threshold,state_rmse_rad,residual_latency_ms,matches_clean_anchor,blockchain_post_tamper_detected,combined_post_tamper_detected,pre_registered_attack_verified,clean_payload_rejected_by_attack_anchor
0,clean,False,,False,0.3848659687158979,5.991464547107979,2.465999750169365e-06,1.7494999992777593,True,False,False,,
0,random_attack,True,"1,3",True,91.73976183504416,5.991464547107979,2.6104337348643804e-05,0.3848999986075796,False,True,True,True,True
0,targeted_attack,True,"0,4",False,0.3848659687158979,5.991464547107979,8.556242579593777e-05,0.39600000309292227,False,True,True,True,True
0,model_consistent_attack,True,"0,1,2,3,4,5",False,0.3848659687158926,5.991464547107979,0.00010088059795291579,0.38639999547740445,False,True,True,True,True
1,clean,False,,False,0.5465953897906628,5.991464547107979,9.866951568606172e-06,0.3782999992836267,True,False,False,,
1,random_attack,True,"4,3",True,96.75029591987969,5.991464547107979,4.9922376549490116e-05,0.3775000004679896,False,True,True,True,True
1,targeted_attack,True,"0,4",False,0.5465953897906629,5.991464547107979,9.670820762801787e-05,0.42300000495743006,False,True,True,True,True
1,model_consistent_attack,True,"0,1,2,3,4,5",False,0.546595389790665,5.991464547107979,9.753493157803804e-05,0.3902000025846064,False,True,True,True,True
2,clean,False,,False,4.979164859797939,5.991464547107979,1.3842098694378178e-05,0.39280000055441633,True,False,False,,
2,random_attack,True,"3,2",True,49.6627602276714,5.991464547107979,4.037662427856223e-05,0.37229999725241214,False,True,True,True,True
2,targeted_attack,True,"0,4",False,4.9791648597979385,5.991464547107979,0.00010059704129725458,0.3756000005523674,False,True,True,True,True
2,model_consistent_attack,True,"0,1,2,3,4,5",False,4.979164859797939,5.991464547107979,9.5743330181456e-05,0.37149999843677506,False,True,True,True,True
3,clean,False,,False,1.5433017735489185,5.991464547107979,8.350161468233493e-06,0.37180000072112307,True,False,False,,
3,random_attack,True,"1,5",True,22.982145571121357,5.991464547107979,4.2622759706425196e-05,0.37399999564513564,False,True,True,True,True
3,targeted_attack,True,"0,4",False,1.5433017735489185,5.991464547107979,9.219922508570913e-05,0.3744000059668906,False,True,True,True,True
3,model_consistent_attack,True,"0,1,2,3,4,5",False,1.5433017735489372,5.991464547107979,9.240753955912643e-05,0.40810000064084306,False,True,True,True,True
4,clean,False,,False,1.9950953726837823,5.991464547107979,1.2643431738959481e-05,0.3674000035971403,True,False,False,,
4,random_attack,True,"0,3",True,87.72287047763942,5.991464547107979,4.447260881964428e-05,0.36360000376589596,False,True,True,True,True
4,targeted_attack,True,"0,4",False,1.9950953726837826,5.991464547107979,7.549545843802822e-05,0.3752000047825277,False,True,True,True,True
4,model_consistent_attack,True,"0,1,2,3,4,5",False,1.9950953726837684,5.991464547107979,0.00010602472438358737,0.3764999928534962,False,True,True,True,True
5,clean,False,,False,2.0004815989946776,5.991464547107979,4.948526055291001e-06,0.363799998012837,True,False,False,,
5,random_attack,True,"2,0",True,58.28513547781462,5.991464547107979,4.459096162613946e-05,0.3634000022429973,False,True,True,True,True
5,targeted_attack,True,"0,4",False,2.0004815989946776,5.991464547107979,8.571041432061225e-05,0.3688000069814734,False,True,True,True,True
5,model_consistent_attack,True,"0,1,2,3,4,5",False,2.0004815989946816,5.991464547107979,0.00010127383636302589,0.38330000097630545,False,True,True,True,True
6,clean,False,,False,1.5914862839241177,5.991464547107979,1.7186656966875494e-05,0.3663000024971552,True,False,False,,
6,random_attack,True,"5,2",True,31.831080771722576,5.991464547107979,3.559262487908152e-05,0.8118999976431951,False,True,True,True,True
6,targeted_attack,True,"0,4",False,1.5914862839241177,5.991464547107979,0.00010284186917143634,0.36299999919719994,False,True,True,True,True
6,model_consistent_attack,True,"0,1,2,3,4,5",False,1.591486283924136,5.991464547107979,9.748694955316056e-05,0.5133999948156998,False,True,True,True,True
7,clean,False,,False,0.6668512128760689,5.991464547107979,3.9256418661694805e-06,0.6329000025289133,True,False,False,,
7,random_attack,True,"0,5",True,93.09558621213395,5.991464547107979,5.958731698793738e-05,0.37039999733678997,False,True,True,True,True
7,targeted_attack,True,"0,4",False,0.6668512128760689,5.991464547107979,8.703109593277578e-05,0.40209999860962853,False,True,True,True,True
7,model_consistent_attack,True,"0,1,2,3,4,5",False,0.6668512128760571,5.991464547107979,9.876637434606838e-05,0.3723999980138615,False,True,True,True,True
8,clean,False,,False,2.273744032680818,5.991464547107979,1.8695409275899622e-05,0.3738999948836863,True,False,False,,
8,random_attack,True,"5,1",True,25.169289952406125,5.991464547107979,2.9967717940178854e-05,0.3780000042752363,False,True,True,True,True
8,targeted_attack,True,"0,4",False,2.273744032680818,5.991464547107979,6.922097267704144e-05,0.3691000019898638,False,True,True,True,True
8,model_consistent_attack,True,"0,1,2,3,4,5",False,2.27374403268081,5.991464547107979,0.00010806942094082068,0.371300004189834,False,True,True,True,True
9,clean,False,,False,1.4685874853753815,5.991464547107979,4.509960973683931e-06,0.37090000114403665,True,False,False,,
9,random_attack,True,"3,0",True,133.06594301022596,5.991464547107979,3.2138573340674595e-05,0.3648999991128221,False,True,True,True,True
9,targeted_attack,True,"0,4",False,1.4685874853753815,5.991464547107979,8.808059844223588e-05,0.3671000013127923,False,True,True,True,True
9,model_consistent_attack,True,"0,1,2,3,4,5",False,1.4685874853753815,5.991464547107979,0.00010114590229577596,0.3695999985211529,False,True,True,True,True
10,clean,False,,False,1.1651022895173428,5.991464547107979,7.496719383337874e-06,0.374700000975281,True,False,False,,
10,random_attack,True,"3,0",False,1.1651022895173413,5.991464547107979,8.2913349303198e-05,0.3690999947139062,False,True,True,True,True
10,targeted_attack,True,"0,4",False,1.1651022895173428,5.991464547107979,8.022501782264815e-05,0.37140000495128334,False,True,True,True,True
10,model_consistent_attack,True,"0,1,2,3,4,5",False,1.1651022895173357,5.991464547107979,0.00010383456386250668,0.36610000097425655,False,True,True,True,True
11,clean,False,,False,3.257892764897597,5.991464547107979,2.2162122435249954e-06,0.36949999775970355,True,False,False,,
11,random_attack,True,"5,1",True,98.73334971950356,5.991464547107979,2.182509885016505e-05,0.3616999965743162,False,True,True,True,True
11,targeted_attack,True,"0,4",False,3.2578927648975973,5.991464547107979,8.832379830412769e-05,0.37850000080652535,False,True,True,True,True
11,model_consistent_attack,True,"0,1,2,3,4,5",False,3.2578927648976075,5.991464547107979,0.00010027044329613216,0.39399999513989314,False,True,True,True,True
12,clean,False,,False,3.322283822925571,5.991464547107979,6.342655287168898e-06,0.3662000017357059,True,False,False,,
12,random_attack,True,"1,3",True,72.76642705403648,5.991464547107979,5.175099299208684e-05,0.36270000418880954,False,True,True,True,True
12,targeted_attack,True,"0,4",False,3.322283822925571,5.991464547107979,9.270808642880385e-05,0.3699999942909926,False,True,True,True,True
12,model_consistent_attack,True,"0,1,2,3,4,5",False,3.322283822925584,5.991464547107979,9.890121165330532e-05,0.3693999969982542,False,True,True,True,True
13,clean,False,,False,2.097675082428397,5.991464547107979,1.1570985149243924e-05,0.45790000149281695,True,False,False,,
13,random_attack,True,"4,0",True,112.59011819304466,5.991464547107979,3.401253610359208e-05,0.3626000034273602,False,True,True,True,True
13,targeted_attack,True,"0,4",False,2.097675082428397,5.991464547107979,9.654872567144756e-05,0.3724000052898191,False,True,True,True,True
13,model_consistent_attack,True,"0,1,2,3,4,5",False,2.0976750824284074,5.991464547107979,9.25534130329203e-05,0.3688999931910075,False,True,True,True,True
14,clean,False,,False,5.794635177038605,5.991464547107979,1.189194479336473e-05,0.3918999937013723,True,False,False,,
14,random_attack,True,"5,2",True,22.72843941204919,5.991464547107979,3.34609023496128e-05,0.3651000006357208,False,True,True,True,True
14,targeted_attack,True,"0,4",False,5.794635177038605,5.991464547107979,9.569499649927884e-05,0.3628999984357506,False,True,True,True,True
14,model_consistent_attack,True,"0,1,2,3,4,5",False,5.794635177038595,5.991464547107979,9.529171353945162e-05,0.3656000044429675,False,True,True,True,True
15,clean,False,,False,1.8369229164618057,5.991464547107979,6.2671644410454645e-06,0.36530000215861946,True,False,False,,
15,random_attack,True,"5,2",True,152.33924773215548,5.991464547107979,2.2016841816249593e-05,0.3679000001284294,False,True,True,True,True
15,targeted_attack,True,"0,4",False,1.8369229164618057,5.991464547107979,8.287955287920217e-05,0.37119999615242705,False,True,True,True,True
15,model_consistent_attack,True,"0,1,2,3,4,5",False,1.8369229164618193,5.991464547107979,0.00010384898354986494,0.37149999843677506,False,True,True,True,True
16,clean,False,,False,1.727251125434266,5.991464547107979,6.935414410700875e-06,0.37370000063674524,True,False,False,,
16,random_attack,True,"3,1",True,77.71036889644317,5.991464547107979,2.3336430482528085e-05,0.3665000040200539,False,True,True,True,True
16,targeted_attack,True,"0,4",False,1.727251125434266,5.991464547107979,9.027771645926055e-05,0.36559999716700986,False,True,True,True,True
16,model_consistent_attack,True,"0,1,2,3,4,5",False,1.7272511254342593,5.991464547107979,0.00010153986147477763,0.4267999975127168,False,True,True,True,True
17,clean,False,,False,0.7867183001078414,5.991464547107979,8.030282485605767e-06,0.45569999929284677,True,False,False,,
17,random_attack,True,"5,4",True,35.5620527744469,5.991464547107979,5.57397010302246e-05,0.38050000148359686,False,True,True,True,True
17,targeted_attack,True,"0,4",False,0.7867183001078414,5.991464547107979,8.871528293940946e-05,0.3715999991982244,False,True,True,True,True
17,model_consistent_attack,True,"0,1,2,3,4,5",False,0.7867183001078414,5.991464547107979,9.747821103376391e-05,0.3719000014825724,False,True,True,True,True
18,clean,False,,False,3.2392978698787376,5.991464547107979,8.304765346997985e-06,0.3680000008898787,True,False,False,,
18,random_attack,True,"3,4",True,146.04016914726574,5.991464547107979,6.650888140533328e-05,0.5730000048060901,False,True,True,True,True
18,targeted_attack,True,"0,4",False,3.2392978698787376,5.991464547107979,9.427962026615789e-05,0.3862000012304634,False,True,True,True,True
18,model_consistent_attack,True,"0,1,2,3,4,5",False,3.23929786987872,5.991464547107979,9.853862800692896e-05,0.3913000036845915,False,True,True,True,True
19,clean,False,,False,3.9954693937533996,5.991464547107979,2.2931311932050045e-06,0.3873999958159402,True,False,False,,
19,random_attack,True,"5,1",True,43.03392517179377,5.991464547107979,3.8910169147051006e-05,0.36470000486588106,False,True,True,True,True
19,targeted_attack,True,"0,4",False,3.9954693937533996,5.991464547107979,8.941432152953803e-05,0.3680000008898787,False,True,True,True,True
19,model_consistent_attack,True,"0,1,2,3,4,5",False,3.9954693937533934,5.991464547107979,9.906704548799399e-05,0.414399997680448,False,True,True,True,True
20,clean,False,,False,3.184812081052781,5.991464547107979,2.7827815750227636e-06,0.41570000030333176,True,False,False,,
20,random_attack,True,"4,3",False,3.184812081052781,5.991464547107979,4.1886867508131416e-05,0.36950000503566116,False,True,True,True,True
20,targeted_attack,True,"0,4",False,3.1848120810527814,5.991464547107979,8.750180622405106e-05,0.36839999665971845,False,True,True,True,True
20,model_consistent_attack,True,"0,1,2,3,4,5",False,3.1848120810527925,5.991464547107979,0.00010169797844334136,0.36729999555973336,False,True,True,True,True
21,clean,False,,False,0.6789726478911897,5.991464547107979,6.700543016973845e-06,0.37680000241380185,True,False,False,,
21,random_attack,True,"2,0",True,47.97438559930753,5.991464547107979,6.547503085743363e-05,0.3727000002982095,False,True,True,True,True
21,targeted_attack,True,"0,4",False,0.6789726478911898,5.991464547107979,8.892407269315895e-05,0.36750000435858965,False,True,True,True,True
21,model_consistent_attack,True,"0,1,2,3,4,5",False,0.6789726478911907,5.991464547107979,0.0001004050273186271,0.3665999975055456,False,True,True,True,True
22,clean,False,,True,8.139214964396459,5.991464547107979,4.066296920856278e-06,0.3668999997898936,True,False,True,,
22,random_attack,True,"0,4",True,8.13921496439646,5.991464547107979,8.50290741131033e-05,0.36610000097425655,False,True,True,True,True
22,targeted_attack,True,"0,4",True,8.13921496439646,5.991464547107979,8.50290741131033e-05,0.36780000664293766,False,True,True,True,True
22,model_consistent_attack,True,"0,1,2,3,4,5",True,8.139214964396434,5.991464547107979,9.978898603107175e-05,0.36810000165132806,False,True,True,True,True
23,clean,False,,False,5.201087469529668,5.991464547107979,9.752081117425284e-06,0.4374000054667704,True,False,False,,
23,random_attack,True,"1,2",True,168.18331352488522,5.991464547107979,2.2465834204659915e-05,0.5732999998144805,False,True,True,True,True
23,targeted_attack,True,"0,4",False,5.201087469529667,5.991464547107979,9.453437070265245e-05,0.3722000037669204,False,True,True,True,True
23,model_consistent_attack,True,"0,1,2,3,4,5",False,5.2010874695296625,5.991464547107979,9.360074788800019e-05,0.3701999958138913,False,True,True,True,True
24,clean,False,,False,0.43386616867925254,5.991464547107979,8.250366398068207e-06,0.3679000001284294,True,False,False,,
24,random_attack,True,"2,1",True,149.8645688492152,5.991464547107979,2.0674435834869428e-05,0.41029999556485564,False,True,True,True,True
24,targeted_attack,True,"0,4",False,0.43386616867925254,5.991464547107979,9.408583511838839e-05,0.3693999969982542,False,True,True,True,True
24,model_consistent_attack,True,"0,1,2,3,4,5",False,0.43386616867925365,5.991464547107979,9.562125634722204e-05,0.3696999992826022,False,True,True,True,True
25,clean,False,,False,1.3295173785545165,5.991464547107979,9.61301542850783e-06,0.39510000351583585,True,False,False,,
25,random_attack,True,"3,4",True,94.03660015323739,5.991464547107979,5.1588703789914905e-05,0.3667999990284443,False,True,True,True,True
25,targeted_attack,True,"0,4",False,1.3295173785545162,5.991464547107979,9.479409042464759e-05,0.37290000182110816,False,True,True,True,True
25,model_consistent_attack,True,"0,1,2,3,4,5",False,1.329517378554519,5.991464547107979,9.70784689894182e-05,0.41539999801898375,False,True,True,True,True
26,clean,False,,False,2.529283647589731,5.991464547107979,1.8029538120383702e-05,0.3691000019898638,True,False,False,,
26,random_attack,True,"3,1",True,55.87606950759302,5.991464547107979,3.492769971113094e-05,0.36359999648993835,False,True,True,True,True
26,targeted_attack,True,"0,4",False,2.529283647589731,5.991464547107979,7.598421840022521e-05,0.6416999967768788,False,True,True,True,True
26,model_consistent_attack,True,"0,1,2,3,4,5",False,2.5292836475897476,5.991464547107979,0.00010671985422503806,0.3723999980138615,False,True,True,True,True
27,clean,False,,False,1.229923832096612,5.991464547107979,1.2293463904963945e-05,0.37169999995967373,True,False,False,,
27,random_attack,True,"0,3",False,1.2299238320966126,5.991464547107979,8.752996808823667e-05,0.3792000061366707,False,True,True,True,True
27,targeted_attack,True,"0,4",False,1.229923832096612,5.991464547107979,9.941750625984398e-05,0.38019999919924885,False,True,True,True,True
27,model_consistent_attack,True,"0,1,2,3,4,5",False,1.2299238320966202,5.991464547107979,9.48656581800043e-05,0.39989999640965834,False,True,True,True,True
28,clean,False,,False,0.9152088119364395,5.991464547107979,3.711383093289521e-06,0.5673999985447153,True,False,False,,
28,random_attack,True,"2,4",True,100.03554271722255,5.991464547107979,4.759384387194232e-05,0.4850000041187741,False,True,True,True,True
28,targeted_attack,True,"0,4",False,0.9152088119364395,5.991464547107979,8.515415011540256e-05,0.39739999920129776,False,True,True,True,True
28,model_consistent_attack,True,"0,1,2,3,4,5",False,0.9152088119364387,5.991464547107979,0.00010357084492164652,0.5039000025135465,False,True,True,True,True
29,clean,False,,False,0.18360014707182093,5.991464547107979,1.4258528345936384e-06,0.3858999989461154,True,False,False,,
29,random_attack,True,"5,2",True,23.030768773283512,5.991464547107979,3.2832629924534186e-05,0.37089999386807904,False,True,True,True,True
29,targeted_attack,True,"0,4",False,0.18360014707182093,5.991464547107979,8.613387359872263e-05,0.3919000009773299,False,True,True,True,True
29,model_consistent_attack,True,"0,1,2,3,4,5",False,0.18360014707181643,5.991464547107979,0.00010075366483263589,0.3808999972534366,False,True,True,True,True
30,clean,False,,False,4.9383851798228,5.991464547107979,1.2127073374446577e-05,0.3854000024148263,True,False,False,,
30,random_attack,True,"1,5",True,181.54739607164169,5.991464547107979,1.981209149681539e-05,0.37880000309087336,False,True,True,True,True
30,targeted_attack,True,"0,4",False,4.9383851798228,5.991464547107979,9.851193543748654e-05,0.5617999995592982,False,True,True,True,True
30,model_consistent_attack,True,"0,1,2,3,4,5",False,4.938385179822819,5.991464547107979,9.757390891427392e-05,0.37650000012945384,False,True,True,True,True
31,clean,False,,False,0.8914110870200808,5.991464547107979,4.051079094575576e-06,0.44920000073034316,True,False,False,,
31,random_attack,True,"4,5",True,129.31378592787559,5.991464547107979,3.5669828768658546e-05,0.5804999964311719,False,True,True,True,True
31,targeted_attack,True,"0,4",False,0.8914110870200808,5.991464547107979,9.07511354648333e-05,0.37760000122943893,False,True,True,True,True
31,model_consistent_attack,True,"0,1,2,3,4,5",False,0.8914110870200758,5.991464547107979,9.981305663095436e-05,0.3935999993700534,False,True,True,True,True
32,clean,False,,False,2.5925059096162726,5.991464547107979,4.269664607014174e-06,0.3693999969982542,True,False,False,,
32,random_attack,True,"2,5",True,23.129438713930654,5.991464547107979,3.741243642384338e-05,0.3630999999586493,False,True,True,True,True
32,targeted_attack,True,"0,4",False,2.592505909616272,5.991464547107979,8.757792409560178e-05,0.3786000015679747,False,True,True,True,True
32,model_consistent_attack,True,"0,1,2,3,4,5",False,2.592505909616276,5.991464547107979,9.755726002056014e-05,0.4091000009793788,False,True,True,True,True
33,clean,False,,False,2.2875907745241766,5.991464547107979,5.362695734649622e-06,0.3667999990284443,True,False,False,,
33,random_attack,True,"4,2",True,31.46392512052548,5.991464547107979,4.3257252564691894e-05,0.36359999648993835,False,True,True,True,True
33,targeted_attack,True,"0,4",False,2.2875907745241766,5.991464547107979,8.286908827178087e-05,0.5576000039582141,False,True,True,True,True
33,model_consistent_attack,True,"0,1,2,3,4,5",False,2.2875907745241686,5.991464547107979,0.00010159526816175405,0.3674000035971403,False,True,True,True,True
34,clean,False,,False,0.7770530881581156,5.991464547107979,8.630614214878242e-06,0.4048999981023371,True,False,False,,
34,random_attack,True,"3,5",True,26.800230163394694,5.991464547107979,3.878528077491281e-05,0.38279999716905877,False,True,True,True,True
34,targeted_attack,True,"0,4",False,0.7770530881581157,5.991464547107979,8.566987687594822e-05,0.3702000030898489,False,True,True,True,True
34,model_consistent_attack,True,"0,1,2,3,4,5",False,0.7770530881581208,5.991464547107979,0.00010066240785204041,0.3699999942909926,False,True,True,True,True
35,clean,False,,False,1.6242252898041896,5.991464547107979,6.532487098525319e-06,0.37030000385129824,True,False,False,,
35,random_attack,True,"0,1",True,79.44125180179981,5.991464547107979,7.098993205231393e-05,0.3811000060522929,False,True,True,True,True
35,targeted_attack,True,"0,4",False,1.6242252898041893,5.991464547107979,8.729808424249047e-05,0.36810000165132806,False,True,True,True,True
35,model_consistent_attack,True,"0,1,2,3,4,5",False,1.6242252898041856,5.991464547107979,0.00010368367527264092,0.3623999946285039,False,True,True,True,True
36,clean,False,,False,1.9439031639734095,5.991464547107979,2.7835777157108212e-06,0.3715999991982244,True,False,False,,
36,random_attack,True,"5,1",True,142.77470157860293,5.991464547107979,2.3785664604605297e-05,0.3749999959836714,False,True,True,True,True
36,targeted_attack,True,"0,4",False,1.9439031639734097,5.991464547107979,8.695063617491498e-05,0.37169999995967373,False,True,True,True,True
36,model_consistent_attack,True,"0,1,2,3,4,5",False,1.9439031639734252,5.991464547107979,0.00010182254074836987,0.37039999733678997,False,True,True,True,True
37,clean,False,,False,1.7946374657666917,5.991464547107979,7.770051340134824e-06,0.3836999967461452,True,False,False,,
37,random_attack,True,"1,5",True,169.44454233379105,5.991464547107979,2.0169482277817972e-05,0.3715999991982244,False,True,True,True,True
37,targeted_attack,True,"0,4",False,1.7946374657666917,5.991464547107979,9.501474885476521e-05,0.36440000258153304,False,True,True,True,True
37,model_consistent_attack,True,"0,1,2,3,4,5",False,1.7946374657666984,5.991464547107979,9.674384112537027e-05,0.4163999983575195,False,True,True,True,True
38,clean,False,,False,2.909152590183514,5.991464547107979,9.015942266735064e-06,0.37629999860655516,True,False,False,,
38,random_attack,True,"1,2",True,152.3013092248449,5.991464547107979,1.5195329933447119e-05,0.37929999962216243,False,True,True,True,True
38,targeted_attack,True,"0,4",False,2.9091525901835134,5.991464547107979,9.623213531358192e-05,0.38240000139921904,False,True,True,True,True
38,model_consistent_attack,True,"0,1,2,3,4,5",False,2.9091525901835213,5.991464547107979,9.766018359849881e-05,0.47509999421890825,False,True,True,True,True
39,clean,False,,False,0.14498161398922438,5.991464547107979,4.346423171074003e-06,0.5877999938093126,True,False,False,,
39,random_attack,True,"5,2",True,136.98660373272696,5.991464547107979,2.6489528898551074e-05,0.3885000041918829,False,True,True,True,True
39,targeted_attack,True,"0,4",False,0.14498161398922438,5.991464547107979,8.530979706583065e-05,0.3690000012284145,False,True,True,True,True
39,model_consistent_attack,True,"0,1,2,3,4,5",False,0.14498161398922532,5.991464547107979,0.0001008314554345704,0.4084000029251911,False,True,True,True,True
40,clean,False,,False,0.3213229987613625,5.991464547107979,1.3813736120851533e-05,0.5916000009165145,True,False,False,,
40,random_attack,True,"4,1",True,92.04664834012262,5.991464547107979,2.9832775269215875e-05,0.40129999979399145,False,True,True,True,True
40,targeted_attack,True,"0,4",False,0.3213229987613626,5.991464547107979,7.438276339900779e-05,0.6433999951696023,False,True,True,True,True
40,model_consistent_attack,True,"0,1,2,3,4,5",False,0.3213229987613553,5.991464547107979,0.00010507232715827635,0.40660000377101824,False,True,True,True,True
41,clean,False,,False,0.7908159764761142,5.991464547107979,1.0761215940102467e-05,0.38749999657738954,True,False,False,,
41,random_attack,True,"5,4",True,34.08911673230476,5.991464547107979,6.566400844604916e-05,0.42979999852832407,False,True,True,True,True
41,targeted_attack,True,"0,4",False,0.7908159764761142,5.991464547107979,7.701080428462307e-05,0.3713999976753257,False,True,True,True,True
41,model_consistent_attack,True,"0,1,2,3,4,5",False,0.7908159764761022,5.991464547107979,0.0001073909388285292,0.5084000003989786,False,True,True,True,True
42,clean,False,,False,1.7001151466736628,5.991464547107979,1.2565055141133857e-05,0.374399998690933,True,False,False,,
42,random_attack,True,"2,3",True,60.536873521418954,5.991464547107979,3.8305652941420624e-05,0.3744999994523823,False,True,True,True,True
42,targeted_attack,True,"0,4",False,1.7001151466736628,5.991464547107979,7.629942318825838e-05,0.4458999974303879,False,True,True,True,True
42,model_consistent_attack,True,"0,1,2,3,4,5",False,1.7001151466736562,5.991464547107979,0.00010209708457974523,0.3922000032616779,False,True,True,True,True
43,clean,False,,False,1.3550248525849997,5.991464547107979,6.799231480716302e-06,0.37180000072112307,True,False,False,,
43,random_attack,True,"1,3",True,74.44375196109627,5.991464547107979,2.9738093104877688e-05,0.39989999640965834,False,True,True,True,True
43,targeted_attack,True,"0,4",False,1.3550248525849995,5.991464547107979,8.499245812117442e-05,0.37090000114403665,False,True,True,True,True
43,model_consistent_attack,True,"0,1,2,3,4,5",False,1.3550248525849935,5.991464547107979,0.00010154427376772472,0.512699996761512,False,True,True,True,True
44,clean,False,,False,1.4341680875908858,5.991464547107979,9.003541949004752e-06,0.3786999950534664,True,False,False,,
44,random_attack,True,"1,0",True,98.88700053059466,5.991464547107979,7.61846076952715e-05,0.37290000182110816,False,True,True,True,True
44,targeted_attack,True,"0,4",False,1.4341680875908858,5.991464547107979,9.621783849174544e-05,0.37090000114403665,False,True,True,True,True
44,model_consistent_attack,True,"0,1,2,3,4,5",False,1.4341680875908824,5.991464547107979,9.675561310435447e-05,0.5037000009906478,False,True,True,True,True
45,clean,False,,False,0.2691293838489576,5.991464547107979,6.046850910557869e-06,0.3712999969138764,True,False,False,,
45,random_attack,True,"5,3",True,99.38693999733138,5.991464547107979,2.735486920027602e-05,0.3684999974211678,False,True,True,True,True
45,targeted_attack,True,"0,4",False,0.2691293838489576,5.991464547107979,8.246729608296868e-05,0.414699999964796,False,True,True,True,True
45,model_consistent_attack,True,"0,1,2,3,4,5",False,0.26912938384895707,5.991464547107979,0.00010279947042631469,0.38469999708468094,False,True,True,True,True
46,clean,False,,False,2.039358644310026,5.991464547107979,8.484674163692401e-06,0.38689999928465113,True,False,False,,
46,random_attack,True,"5,0",True,102.19036655002472,5.991464547107979,5.196397790798028e-05,0.37539999902946874,False,True,True,True,True
46,targeted_attack,True,"0,4",False,2.0393586443100262,5.991464547107979,7.990161899251617e-05,0.3766000008909032,False,True,True,True,True
46,model_consistent_attack,True,"0,1,2,3,4,5",False,2.039358644310026,5.991464547107979,0.00010340798005806326,0.3715000057127327,False,True,True,True,True
47,clean,False,,False,1.815580740689853,5.991464547107979,9.892109440647155e-06,0.6962000043131411,True,False,False,,
47,random_attack,True,"0,3",True,136.32952979026382,5.991464547107979,4.0192916259445436e-05,0.37900000461377203,False,True,True,True,True
47,targeted_attack,True,"0,4",False,1.8155807406898532,5.991464547107979,8.312356878629506e-05,0.3730000025825575,False,True,True,True,True
47,model_consistent_attack,True,"0,1,2,3,4,5",False,1.8155807406898599,5.991464547107979,0.0001006223491709824,0.3763999993680045,False,True,True,True,True
48,clean,False,,False,2.3487454923328404,5.991464547107979,4.575631381474656e-06,0.5650000020978041,True,False,False,,
48,random_attack,True,"3,4",True,103.02011809302394,5.991464547107979,5.6785125622508265e-05,0.37149999843677506,False,True,True,True,True
48,targeted_attack,True,"0,4",False,2.3487454923328404,5.991464547107979,8.526993892466622e-05,0.38530000165337697,False,True,True,True,True
48,model_consistent_attack,True,"0,1,2,3,4,5",False,2.348745492332828,5.991464547107979,0.00010234395847367547,0.3712999969138764,False,True,True,True,True
49,clean,False,,False,0.8191058219538256,5.991464547107979,9.807640596678365e-06,0.38190000486792997,True,False,False,,
49,random_attack,True,"4,1",True,75.86860751277906,5.991464547107979,3.819175183244364e-05,0.3681999951368198,False,True,True,True,True
49,targeted_attack,True,"0,4",False,0.8191058219538256,5.991464547107979,9.574733445032814e-05,0.38019999919924885,False,True,True,True,True
49,model_consistent_attack,True,"0,1,2,3,4,5",False,0.8191058219538192,5.991464547107979,9.740698647721173e-05,0.37180000072112307,False,True,True,True,True
50,clean,False,,False,1.9354458270114931,5.991464547107979,1.0417939634950982e-05,0.458399998024106,True,False,False,,
50,random_attack,True,"1,2",True,151.8489602059032,5.991464547107979,1.6348927828537196e-05,0.6410999994841404,False,True,True,True,True
50,targeted_attack,True,"0,4",False,1.935445827011493,5.991464547107979,9.76166930082303e-05,0.3932999970857054,False,True,True,True,True
50,model_consistent_attack,True,"0,1,2,3,4,5",False,1.9354458270114838,5.991464547107979,9.515939595505577e-05,0.43569999979808927,False,True,True,True,True
51,clean,False,,False,0.1064855426756375,5.991464547107979,9.575305185708587e-06,0.5218000005697832,True,False,False,,
51,random_attack,True,"4,0",False,0.10648554267563749,5.991464547107979,9.601708458022753e-05,0.38950000453041866,False,True,True,True,True
51,targeted_attack,True,"0,4",False,0.1064855426756375,5.991464547107979,7.922494813827487e-05,0.37229999725241214,False,True,True,True,True
51,model_consistent_attack,True,"0,1,2,3,4,5",False,0.10648554267563536,5.991464547107979,0.00010303146253557317,0.5467000009957701,False,True,True,True,True
52,clean,False,,False,0.2285980553199353,5.991464547107979,2.8604810523365184e-06,0.46120000479277223,True,False,False,,
52,random_attack,True,"1,3",True,46.24001287024673,5.991464547107979,5.0921832096358026e-05,0.3834000017377548,False,True,True,True,True
52,targeted_attack,True,"0,4",False,0.2285980553199353,5.991464547107979,8.61354973863623e-05,0.7081000003381632,False,True,True,True,True
52,model_consistent_attack,True,"0,1,2,3,4,5",False,0.22859805531993757,5.991464547107979,0.00010273382844594046,0.39939999987836927,False,True,True,True,True
53,clean,False,,False,0.18813774807833045,5.991464547107979,5.512133278036069e-06,0.41120000241789967,True,False,False,,
53,random_attack,True,"1,5",True,23.737702154843156,5.991464547107979,4.373246985259224e-05,0.570999996853061,False,True,True,True,True
53,targeted_attack,True,"0,4",False,0.18813774807833045,5.991464547107979,8.394115618180714e-05,0.37570000131381676,False,True,True,True,True
53,model_consistent_attack,True,"0,1,2,3,4,5",False,0.1881377480783316,5.991464547107979,0.00010050709196019382,0.37149999843677506,False,True,True,True,True
54,clean,False,,False,1.7336403828113705,5.991464547107979,1.2030970694484778e-05,0.38189999759197235,True,False,False,,
54,random_attack,True,"1,0",True,100.1299837577616,5.991464547107979,5.76653074512288e-05,0.3682999958982691,False,True,True,True,True
54,targeted_attack,True,"0,4",False,1.7336403828113705,5.991464547107979,7.825155197821148e-05,0.44270000216783956,False,True,True,True,True
54,model_consistent_attack,True,"0,1,2,3,4,5",False,1.7336403828113671,5.991464547107979,0.00010766930608317592,0.3663000024971552,False,True,True,True,True
55,clean,False,,False,5.380459111699074,5.991464547107979,1.0583438370974213e-05,0.3782999992836267,True,False,False,,
55,random_attack,True,"4,2",True,82.99056271743875,5.991464547107979,5.84955333529204e-05,0.625100001343526,False,True,True,True,True
55,targeted_attack,True,"0,4",False,5.380459111699074,5.991464547107979,7.977669886235673e-05,0.3744000059668906,False,True,True,True,True
55,model_consistent_attack,True,"0,1,2,3,4,5",False,5.38045911169905,5.991464547107979,9.98315634492656e-05,0.40559999615652487,False,True,True,True,True
56,clean,False,,False,0.62894770483712,5.991464547107979,8.295552440133863e-06,0.39290000131586567,True,False,False,,
56,random_attack,True,"5,3",True,101.57273432350729,5.991464547107979,2.3595945043676175e-05,0.3806000022450462,False,True,True,True,True
56,targeted_attack,True,"0,4",False,0.6289477048371199,5.991464547107979,8.461742018233322e-05,0.3772999989450909,False,True,True,True,True
56,model_consistent_attack,True,"0,1,2,3,4,5",False,0.62894770483712,5.991464547107979,0.00010552465124148443,0.36949999775970355,False,True,True,True,True
57,clean,False,,False,2.5128505706334807,5.991464547107979,4.814631887650267e-06,0.4053999946336262,True,False,False,,
57,random_attack,True,"2,4",True,45.76531534507548,5.991464547107979,4.3209385203335516e-05,0.400099997932557,False,True,True,True,True
57,targeted_attack,True,"0,4",False,2.5128505706334807,5.991464547107979,8.762405592975864e-05,0.3968999953940511,False,True,True,True,True
57,model_consistent_attack,True,"0,1,2,3,4,5",False,2.512850570633495,5.991464547107979,0.00010154535567959754,0.3797999961534515,False,True,True,True,True
58,clean,False,,False,2.2085737104658154,5.991464547107979,7.158955985122057e-06,0.3723999980138615,True,False,False,,
58,random_attack,True,"0,4",False,2.208573710465815,5.991464547107979,8.98296957875295e-05,0.3701999958138913,False,True,True,True,True
58,targeted_attack,True,"0,4",False,2.2085737104658154,5.991464547107979,8.570663367741007e-05,0.3694000042742118,False,True,True,True,True
58,model_consistent_attack,True,"0,1,2,3,4,5",False,2.2085737104658216,5.991464547107979,0.00010034109002037514,0.37480000173673034,False,True,True,True,True
59,clean,False,,False,5.775646439779935,5.991464547107979,7.9974539715363e-06,0.3754999997909181,True,False,False,,
59,random_attack,True,"3,2",True,76.13866316349804,5.991464547107979,2.922349059412969e-05,0.36470000486588106,False,True,True,True,True
59,targeted_attack,True,"0,4",False,5.775646439779935,5.991464547107979,7.984319408549328e-05,0.37739999970654026,False,True,True,True,True
59,model_consistent_attack,True,"0,1,2,3,4,5",False,5.7756464397799485,5.991464547107979,0.00010540751129100072,0.38050000148359686,False,True,True,True,True
60,clean,False,,False,0.13690469240358835,5.991464547107979,8.841457809148407e-06,0.7284000021172687,True,False,False,,
60,random_attack,True,"0,5",True,40.95389079747852,5.991464547107979,5.433570093000378e-05,0.4310000003897585,False,True,True,True,True
60,targeted_attack,True,"0,4",False,0.13690469240358835,5.991464547107979,7.975952370641181e-05,0.39709999691694975,False,True,True,True,True
60,model_consistent_attack,True,"0,1,2,3,4,5",False,0.13690469240358738,5.991464547107979,0.00010468817438839854,0.37339999835239723,False,True,True,True,True
61,clean,False,,False,0.2148414129403729,5.991464547107979,1.0595751990187679e-05,0.37259999953676015,True,False,False,,
61,random_attack,True,"3,4",True,114.9977008195706,5.991464547107979,6.838191884513067e-05,0.3713999976753257,False,True,True,True,True
61,targeted_attack,True,"0,4",False,0.21484141294037293,5.991464547107979,7.822584610684778e-05,0.3696999992826022,False,True,True,True,True
61,model_consistent_attack,True,"0,1,2,3,4,5",False,0.2148414129403745,5.991464547107979,0.00010359874358154088,0.3708000003825873,False,True,True,True,True
62,clean,False,,False,1.4248263792817448,5.991464547107979,1.046452510744244e-05,0.3904000041075051,True,False,False,,
62,random_attack,True,"4,3",True,95.535065289796,5.991464547107979,6.973727365004293e-05,0.3786000015679747,False,True,True,True,True
62,targeted_attack,True,"0,4",False,1.424826379281745,5.991464547107979,7.742372493867537e-05,0.3696000057971105,False,True,True,True,True
62,model_consistent_attack,True,"0,1,2,3,4,5",False,1.4248263792817448,5.991464547107979,0.00010332608154602092,0.3701999958138913,False,True,True,True,True
63,clean,False,,False,0.08375216996821974,5.991464547107979,1.6188461474342946e-05,0.375300005543977,True,False,False,,
63,random_attack,True,"5,2",True,29.131015146383827,5.991464547107979,3.6471816632896366e-05,0.36660000478150323,False,True,True,True,True
63,targeted_attack,True,"0,4",False,0.08375216996821974,5.991464547107979,0.00010200221405557667,0.3934999986086041,False,True,True,True,True
63,model_consistent_attack,True,"0,1,2,3,4,5",False,0.08375216996821758,5.991464547107979,9.857329079384401e-05,0.37990000419085845,False,True,True,True,True
64,clean,False,,False,2.9628235554214406,5.991464547107979,5.61968301829111e-06,0.38640000275336206,True,False,False,,
64,random_attack,True,"1,4",True,110.73278207851287,5.991464547107979,3.838514500773339e-05,0.38109999877633527,False,True,True,True,True
64,targeted_attack,True,"0,4",False,2.9628235554214406,5.991464547107979,9.114631774245656e-05,0.36700000055134296,False,True,True,True,True
64,model_consistent_attack,True,"0,1,2,3,4,5",False,2.9628235554214517,5.991464547107979,0.00010129968731400455,0.3882000019075349,False,True,True,True,True
65,clean,False,,False,2.766246887828779,5.991464547107979,7.033785198552714e-06,0.3690999947139062,True,False,False,,
65,random_attack,True,"5,4",True,145.2607477713669,5.991464547107979,2.694363947562108e-05,0.36499999987427145,False,True,True,True,True
65,targeted_attack,True,"0,4",False,2.766246887828779,5.991464547107979,8.134792896098831e-05,0.37030000385129824,False,True,True,True,True
65,model_consistent_attack,True,"0,1,2,3,4,5",False,2.766246887828779,5.991464547107979,0.00010261352217034295,0.36840000393567607,False,True,True,True,True
66,clean,False,,False,0.17882759878071913,5.991464547107979,7.598811803584785e-06,0.3766000008909032,True,False,False,,
66,random_attack,True,"4,2",True,82.69075658689427,5.991464547107979,4.686712959528917e-05,0.39259999903151765,False,True,True,True,True
66,targeted_attack,True,"0,4",False,0.17882759878071913,5.991464547107979,8.488771299393065e-05,0.3705000053741969,False,True,True,True,True
66,model_consistent_attack,True,"0,1,2,3,4,5",False,0.17882759878071913,5.991464547107979,9.720090750791236e-05,0.3710999953909777,False,True,True,True,True
67,clean,False,,False,1.2296178103534119,5.991464547107979,5.6960508130788365e-06,0.39340000512311235,True,False,False,,
67,random_attack,True,"0,5",True,99.69094204515503,5.991464547107979,6.432653713323067e-05,0.3842000005533919,False,True,True,True,True
67,targeted_attack,True,"0,4",False,1.2296178103534117,5.991464547107979,9.214241304884956e-05,0.3696000057971105,False,True,True,True,True
67,model_consistent_attack,True,"0,1,2,3,4,5",False,1.2296178103534174,5.991464547107979,0.00010045685658254493,0.39120000292314216,False,True,True,True,True
68,clean,False,,False,0.9134143681436768,5.991464547107979,1.6074875127695776e-05,0.37319999682949856,True,False,False,,
68,random_attack,True,"0,4",True,127.70494594774183,5.991464547107979,3.770358614468925e-05,0.4168999948888086,False,True,True,True,True
68,targeted_attack,True,"0,4",False,0.9134143681436768,5.991464547107979,0.00010342210017406793,0.5311999993864447,False,True,True,True,True
68,model_consistent_attack,True,"0,1,2,3,4,5",False,0.9134143681436818,5.991464547107979,9.492897144922168e-05,0.4163999983575195,False,True,True,True,True
69,clean,False,,False,3.747787475137587,5.991464547107979,6.455022014915191e-06,0.3756000005523674,True,False,False,,
69,random_attack,True,"5,2",True,47.43586576509491,5.991464547107979,3.7327580065896693e-05,0.3679000001284294,False,True,True,True,True
69,targeted_attack,True,"0,4",False,3.747787475137586,5.991464547107979,8.656680189834196e-05,0.42240000038873404,False,True,True,True,True
69,model_consistent_attack,True,"0,1,2,3,4,5",False,3.747787475137584,5.991464547107979,0.00010067183225653455,0.4031999997096136,False,True,True,True,True
70,clean,False,,False,2.979808457964588,5.991464547107979,4.7258335287214216e-06,0.37850000080652535,True,False,False,,
70,random_attack,True,"0,1",True,72.44544195590746,5.991464547107979,6.96216649629275e-05,0.6713999973726459,False,True,True,True,True
70,targeted_attack,True,"0,4",False,2.979808457964588,5.991464547107979,8.997102294165535e-05,0.392399997508619,False,True,True,True,True
70,model_consistent_attack,True,"0,1,2,3,4,5",False,2.9798084579645785,5.991464547107979,9.691531603249773e-05,0.3815000018221326,False,True,True,True,True
71,clean,False,,False,0.004705647708535774,5.991464547107979,4.238004107167372e-06,0.5744000009144656,True,False,False,,
71,random_attack,True,"1,3",True,45.017352912984705,5.991464547107979,5.315345796760223e-05,0.4225000011501834,False,True,True,True,True
71,targeted_attack,True,"0,4",False,0.004705647708535773,5.991464547107979,9.130795642284682e-05,0.4306999981054105,False,True,True,True,True
71,model_consistent_attack,True,"0,1,2,3,4,5",False,0.0047056477085355725,5.991464547107979,9.9797201478211e-05,0.42099999700440094,False,True,True,True,True
72,clean,False,,False,1.5964744636277546,5.991464547107979,9.821076040625361e-06,0.3778999962378293,True,False,False,,
72,random_attack,True,"3,5",True,44.88627590022297,5.991464547107979,4.606959682280897e-05,0.6208999984664842,False,True,True,True,True
72,targeted_attack,True,"0,4",False,1.5964744636277548,5.991464547107979,7.896190010465177e-05,0.41629999759607017,False,True,True,True,True
72,model_consistent_attack,True,"0,1,2,3,4,5",False,1.5964744636277535,5.991464547107979,0.00010275080753473144,0.4115999981877394,False,True,True,True,True
73,clean,False,,False,3.2724906139020753,5.991464547107979,5.938781577840677e-06,0.37290000182110816,True,False,False,,
73,random_attack,True,"2,1",False,3.272490613902078,5.991464547107979,4.526477589368619e-05,0.3656000044429675,False,True,True,True,True
73,targeted_attack,True,"0,4",False,3.2724906139020753,5.991464547107979,8.268964875117791e-05,0.3667999990284443,False,True,True,True,True
73,model_consistent_attack,True,"0,1,2,3,4,5",False,3.2724906139020753,5.991464547107979,0.0001021917287530845,0.3713999976753257,False,True,True,True,True
74,clean,False,,False,0.7965654026062241,5.991464547107979,3.007863769759883e-06,0.3721999964909628,True,False,False,,
74,random_attack,True,"5,2",True,152.2394955123993,5.991464547107979,2.7721145216222132e-05,0.3712999969138764,False,True,True,True,True
74,targeted_attack,True,"0,4",False,0.7965654026062241,5.991464547107979,8.523862695392317e-05,0.367600005120039,False,True,True,True,True
74,model_consistent_attack,True,"0,1,2,3,4,5",False,0.7965654026062239,5.991464547107979,0.00010013897234690766,0.36610000097425655,False,True,True,True,True
75,clean,False,,False,0.4218043312771285,5.991464547107979,5.185299889584694e-06,0.3687999997055158,True,False,False,,
75,random_attack,True,"5,4",True,33.23317503537262,5.991464547107979,5.5865972570949246e-05,0.374399998690933,False,True,True,True,True
75,targeted_attack,True,"0,4",False,0.42180433127712846,5.991464547107979,8.395184811858258e-05,0.3919000009773299,False,True,True,True,True
75,model_consistent_attack,True,"0,1,2,3,4,5",False,0.421804331277121,5.991464547107979,0.00010383856708618068,0.3785999942920171,False,True,True,True,True
76,clean,False,,True,6.589258488242196,5.991464547107979,3.4966371354491628e-06,0.4075999968335964,True,False,True,,
76,random_attack,True,"2,5",True,83.37456477110527,5.991464547107979,2.7290660063066346e-05,0.4419000033522025,False,True,True,True,True
76,targeted_attack,True,"0,4",True,6.589258488242196,5.991464547107979,8.884176144166531e-05,0.3778000027523376,False,True,True,True,True
76,model_consistent_attack,True,"0,1,2,3,4,5",True,6.589258488242177,5.991464547107979,0.00010103788820321351,0.4160000025876798,False,True,True,True,True
77,clean,False,,False,2.0750106440826697,5.991464547107979,8.083929936064836e-06,0.4381000035209581,True,False,False,,
77,random_attack,True,"3,5",True,25.852683893195476,5.991464547107979,4.703687871187352e-05,0.43340000411262736,False,True,True,True,True
77,targeted_attack,True,"0,4",False,2.0750106440826697,5.991464547107979,9.264042796639382e-05,0.6043000030331314,False,True,True,True,True
77,model_consistent_attack,True,"0,1,2,3,4,5",False,2.075010644082673,5.991464547107979,9.692415035012384e-05,0.4848000025958754,False,True,True,True,True
78,clean,False,,False,2.0377659899824794,5.991464547107979,2.9441211918360806e-06,0.3715999991982244,True,False,False,,
78,random_attack,True,"4,5",True,84.15733709917023,5.991464547107979,3.2474526110227243e-05,0.37030000385129824,False,True,True,True,True
78,targeted_attack,True,"0,4",False,2.0377659899824794,5.991464547107979,8.95926314783689e-05,0.37370000063674524,False,True,True,True,True
78,model_consistent_attack,True,"0,1,2,3,4,5",False,2.0377659899824794,5.991464547107979,9.977572615841244e-05,0.39679999463260174,False,True,True,True,True
79,clean,False,,False,0.5044291134492279,5.991464547107979,7.951662115319978e-06,0.3775000004679896,True,False,False,,
79,random_attack,True,"5,0",True,99.89229666681427,5.991464547107979,6.715252693785276e-05,0.36859999818261713,False,True,True,True,True
79,targeted_attack,True,"0,4",False,0.504429113449228,5.991464547107979,9.519009597776484e-05,0.36499999987427145,False,True,True,True,True
79,model_consistent_attack,True,"0,1,2,3,4,5",False,0.5044291134492229,5.991464547107979,9.595647616838727e-05,0.37180000072112307,False,True,True,True,True
80,clean,False,,False,5.648196525147339,5.991464547107979,7.393904804281029e-06,0.37259999953676015,True,False,False,,
80,random_attack,True,"3,5",True,159.4044886570673,5.991464547107979,2.6698034334179083e-05,0.371300004189834,False,True,True,True,True
80,targeted_attack,True,"0,4",False,5.648196525147339,5.991464547107979,9.199338109012949e-05,0.37460000021383166,False,True,True,True,True
80,model_consistent_attack,True,"0,1,2,3,4,5",False,5.648196525147332,5.991464547107979,9.880832339164084e-05,0.3719000014825724,False,True,True,True,True
81,clean,False,,False,0.003618343073712351,5.991464547107979,8.90342085931678e-06,0.3747999944607727,True,False,False,,
81,random_attack,True,"2,5",True,136.72495207623336,5.991464547107979,1.9706521491757747e-05,0.374399998690933,False,True,True,True,True
81,targeted_attack,True,"0,4",False,0.0036183430737123505,5.991464547107979,9.595029716453097e-05,0.43360000563552603,False,True,True,True,True
81,model_consistent_attack,True,"0,1,2,3,4,5",False,0.0036183430737120044,5.991464547107979,9.775770037932315e-05,0.374700000975281,False,True,True,True,True
82,clean,False,,False,3.4623154557104012,5.991464547107979,9.491030156384821e-06,0.37180000072112307,True,False,False,,
82,random_attack,True,"4,2",True,35.314968255092936,5.991464547107979,4.399150494808387e-05,0.3710999953909777,False,True,True,True,True
82,targeted_attack,True,"0,4",False,3.4623154557104017,5.991464547107979,9.54550736718047e-05,0.37339999835239723,False,True,True,True,True
82,model_consistent_attack,True,"0,1,2,3,4,5",False,3.4623154557103972,5.991464547107979,9.461367612264307e-05,0.38720000156899914,False,True,True,True,True
83,clean,False,,False,1.0025491603756238,5.991464547107979,1.1614053014843823e-05,0.589600000239443,True,False,False,,
83,random_attack,True,"5,2",True,31.540756638756594,5.991464547107979,3.616655636082731e-05,0.3902000025846064,False,True,True,True,True
83,targeted_attack,True,"0,4",False,1.0025491603756238,5.991464547107979,7.626767665177889e-05,0.3817000033450313,False,True,True,True,True
83,model_consistent_attack,True,"0,1,2,3,4,5",False,1.0025491603756256,5.991464547107979,0.00010752355329987237,0.38049999420763925,False,True,True,True,True
84,clean,False,,False,2.212547896313913,5.991464547107979,1.4241094431105296e-05,0.3691000019898638,True,False,False,,
84,random_attack,True,"1,5",True,172.1358508515761,5.991464547107979,2.6342292929114402e-05,0.37339999835239723,False,True,True,True,True
84,targeted_attack,True,"0,4",False,2.2125478963139136,5.991464547107979,7.425228517293916e-05,0.3802999999606982,False,True,True,True,True
84,model_consistent_attack,True,"0,1,2,3,4,5",False,2.2125478963139114,5.991464547107979,0.0001071525679639073,0.39450000622309744,False,True,True,True,True
85,clean,False,,False,1.96048482196852,5.991464547107979,7.978001683686782e-06,0.3727000002982095,True,False,False,,
85,random_attack,True,"5,2",True,105.90347804951253,5.991464547107979,2.2644923835704736e-05,0.381499994546175,False,True,True,True,True
85,targeted_attack,True,"0,4",False,1.9604848219685196,5.991464547107979,9.42171999252647e-05,0.36469999758992344,False,True,True,True,True
85,model_consistent_attack,True,"0,1,2,3,4,5",False,1.9604848219685196,5.991464547107979,9.456109697690802e-05,0.3691000019898638,False,True,True,True,True
86,clean,False,,False,0.03880654430663734,5.991464547107979,1.3375296663269986e-05,0.37060000613564625,True,False,False,,
86,random_attack,True,"5,3",True,36.43480965501957,5.991464547107979,5.186253413332097e-05,0.36610000097425655,False,True,True,True,True
86,targeted_attack,True,"0,4",False,0.03880654430663734,5.991464547107979,7.494869985559957e-05,0.4008999967481941,False,True,True,True,True
86,model_consistent_attack,True,"0,1,2,3,4,5",False,0.03880654430663623,5.991464547107979,0.0001082005082372171,0.3715999991982244,False,True,True,True,True
87,clean,False,,False,1.9197005879860045,5.991464547107979,5.4468471066058866e-06,0.3761999978451058,True,False,False,,
87,random_attack,True,"5,2",True,146.46887237506363,5.991464547107979,3.0444873530236618e-05,0.3680000008898787,False,True,True,True,True
87,targeted_attack,True,"0,4",False,1.9197005879860045,5.991464547107979,8.336106324270749e-05,0.3645000033429824,False,True,True,True,True
87,model_consistent_attack,True,"0,1,2,3,4,5",False,1.9197005879860163,5.991464547107979,0.0001009140680638652,0.3671000013127923,False,True,True,True,True
88,clean,False,,False,2.1318022270344907,5.991464547107979,5.393537091880397e-06,0.36860000545857474,True,False,False,,
88,random_attack,True,"3,0",False,2.1318022270344903,5.991464547107979,7.0705945725489e-05,0.3693000035127625,False,True,True,True,True
88,targeted_attack,True,"0,4",False,2.1318022270344907,5.991464547107979,8.235084839954676e-05,0.3738000013981946,False,True,True,True,True
88,model_consistent_attack,True,"0,1,2,3,4,5",False,2.131802227034481,5.991464547107979,0.00010350964906175583,0.37030000385129824,False,True,True,True,True
89,clean,False,,False,0.1917802116534624,5.991464547107979,4.901741373996205e-06,0.36840000393567607,True,False,False,,
89,random_attack,True,"0,5",True,38.445971067527495,5.991464547107979,4.515724011077572e-05,0.36859999818261713,False,True,True,True,True
89,targeted_attack,True,"0,4",False,0.19178021165346243,5.991464547107979,8.765955870851668e-05,0.3656999979284592,False,True,True,True,True
89,model_consistent_attack,True,"0,1,2,3,4,5",False,0.19178021165346443,5.991464547107979,0.00010155655635693441,0.3654000029200688,False,True,True,True,True
90,clean,False,,False,1.7675317064337799,5.991464547107979,6.3408362023859075e-06,0.36589999945135787,True,False,False,,
90,random_attack,True,"4,1",True,60.127816383619646,5.991464547107979,5.660762755597751e-05,0.363499995728489,False,True,True,True,True
90,targeted_attack,True,"0,4",False,1.7675317064337797,5.991464547107979,9.332471782179546e-05,0.3723999980138615,False,True,True,True,True
90,model_consistent_attack,True,"0,1,2,3,4,5",False,1.7675317064337945,5.991464547107979,9.507624592922795e-05,0.3665999975055456,False,True,True,True,True
91,clean,False,,False,0.5246605674861027,5.991464547107979,6.986397003226293e-06,0.3719000014825724,True,False,False,,
91,random_attack,True,"0,3",False,0.5246605674861026,5.991464547107979,7.001493684460092e-05,0.3719000014825724,False,True,True,True,True
91,targeted_attack,True,"0,4",False,0.5246605674861026,5.991464547107979,9.31935349230281e-05,0.3875999973388389,False,True,True,True,True
91,model_consistent_attack,True,"0,1,2,3,4,5",False,0.5246605674861027,5.991464547107979,9.810882376768653e-05,0.3977999949711375,False,True,True,True,True
92,clean,False,,True,7.201267974895878,5.991464547107979,1.0794555985524252e-05,0.36859999818261713,True,False,True,,
92,random_attack,True,"4,0",True,78.876889306236,5.991464547107979,2.992818516593165e-05,0.3665000040200539,False,True,True,True,True
92,targeted_attack,True,"0,4",True,7.201267974895877,5.991464547107979,7.691653812159147e-05,0.3738000013981946,False,True,True,True,True
92,model_consistent_attack,True,"0,1,2,3,4,5",True,7.201267974895878,5.991464547107979,0.00010693861844062839,0.3735999998752959,False,True,True,True,True
93,clean,False,,False,0.5740000090272904,5.991464547107979,5.703618657844682e-06,0.4172000044491142,True,False,False,,
93,random_attack,True,"5,4",True,28.174720941100436,5.991464547107979,6.059036803304524e-05,0.38500000664498657,False,True,True,True,True
93,targeted_attack,True,"0,4",False,0.5740000090272903,5.991464547107979,9.13333270750381e-05,0.37229999725241214,False,True,True,True,True
93,model_consistent_attack,True,"0,1,2,3,4,5",False,0.5740000090273002,5.991464547107979,9.619480213380834e-05,0.39200000173877925,False,True,True,True,True
94,clean,False,,False,0.1728269596591139,5.991464547107979,7.151229583506421e-06,0.374399998690933,True,False,False,,
94,random_attack,True,"3,4",False,0.1728269596591115,5.991464547107979,4.222262979503342e-05,0.3769000031752512,False,True,True,True,True
94,targeted_attack,True,"0,4",False,0.1728269596591139,5.991464547107979,9.416791513377523e-05,0.37940000038361177,False,True,True,True,True
94,model_consistent_attack,True,"0,1,2,3,4,5",False,0.1728269596591098,5.991464547107979,9.672238132484976e-05,0.3724000052898191,False,True,True,True,True
95,clean,False,,False,1.150903148997866,5.991464547107979,6.961137949050067e-06,0.3695999985211529,True,False,False,,
95,random_attack,True,"2,0",True,50.77909085723746,5.991464547107979,5.655175681009649e-05,0.38869999843882397,False,True,True,True,True
95,targeted_attack,True,"0,4",False,1.150903148997866,5.991464547107979,8.420231544819327e-05,0.37310000334400684,False,True,True,True,True
95,model_consistent_attack,True,"0,1,2,3,4,5",False,1.15090314899787,5.991464547107979,0.00010345271564152737,0.36869999894406646,False,True,True,True,True
96,clean,False,,False,0.631660065891087,5.991464547107979,7.737133260551493e-06,0.3682000024127774,True,False,False,,
96,random_attack,True,"2,5",True,124.93832386238229,5.991464547107979,2.0216780240510585e-05,0.3647999983513728,False,True,True,True,True
96,targeted_attack,True,"0,4",False,0.631660065891087,5.991464547107979,8.949511728360295e-05,0.370699999621138,False,True,True,True,True
96,model_consistent_attack,True,"0,1,2,3,4,5",False,0.6316600658910907,5.991464547107979,0.00010303300901057561,0.37090000114403665,False,True,True,True,True
97,clean,False,,False,0.9429446276640805,5.991464547107979,6.691690492565945e-06,0.3687999997055158,True,False,False,,
97,random_attack,True,"0,2",True,34.133838108814686,5.991464547107979,6.248490807755425e-05,0.3733000048669055,False,True,True,True,True
97,targeted_attack,True,"0,4",False,0.9429446276640805,5.991464547107979,8.434447739119857e-05,0.3735999998752959,False,True,True,True,True
97,model_consistent_attack,True,"0,1,2,3,4,5",False,0.9429446276640758,5.991464547107979,0.00010095162154861308,0.36949999775970355,False,True,True,True,True
98,clean,False,,False,1.0535618934362905,5.991464547107979,8.680278161842936e-06,0.36610000097425655,True,False,False,,
98,random_attack,True,"2,3",True,97.04333445790756,5.991464547107979,3.556697032579093e-05,0.5470999967656098,False,True,True,True,True
98,targeted_attack,True,"0,4",False,1.0535618934362905,5.991464547107979,8.176772373482191e-05,0.36359999648993835,False,True,True,True,True
98,model_consistent_attack,True,"0,1,2,3,4,5",False,1.0535618934362974,5.991464547107979,0.00010461777585346942,0.36529999488266185,False,True,True,True,True
99,clean,False,,False,4.828658773407438,5.991464547107979,7.058833852446379e-06,0.374399998690933,True,False,False,,
99,random_attack,True,"1,0",True,98.18886633184042,5.991464547107979,6.211643886765101e-05,0.3719000014825724,False,True,True,True,True
99,targeted_attack,True,"0,4",False,4.828658773407438,5.991464547107979,8.059656577015968e-05,0.37400000292109326,False,True,True,True,True
99,model_consistent_attack,True,"0,1,2,3,4,5",False,4.828658773407449,5.991464547107979,0.00010399701009983385,0.4375000062282197,False,True,True,True,True
