scenario,actual_attack,detected,rmse_rad,residual_statistic,threshold,latency_ms
clean,False,False,2.465999750169365e-06,0.3848659687158979,5.991464547107979,0.4809000020031817
random_attack,True,True,2.6104337348643804e-05,91.73976183504416,5.991464547107979,0.26930000240099616
targeted_attack,True,False,8.556242579593777e-05,0.3848659687158979,5.991464547107979,0.25240000104531646
model_consistent_attack,True,False,0.00010088059795291579,0.3848659687158926,5.991464547107979,0.2516999993531499
clean,False,False,9.866951568606172e-06,0.5465953897906628,5.991464547107979,0.32560000181547366
random_attack,True,True,4.9922376549490116e-05,96.75029591987969,5.991464547107979,0.25739999910001643
targeted_attack,True,False,9.670820762801787e-05,0.5465953897906629,5.991464547107979,0.24109999867505394
model_consistent_attack,True,False,9.753493157803804e-05,0.546595389790665,5.991464547107979,0.26330000036978163
clean,False,False,1.3842098694378178e-05,4.979164859797939,5.991464547107979,0.31880000096862204
random_attack,True,True,4.037662427856223e-05,49.6627602276714,5.991464547107979,0.2500000009604264
targeted_attack,True,False,0.00010059704129725458,4.9791648597979385,5.991464547107979,0.23080000028130598
model_consistent_attack,True,False,9.5743330181456e-05,4.979164859797939,5.991464547107979,0.23530000180471689
clean,False,False,8.350161468233493e-06,1.5433017735489185,5.991464547107979,0.31149999995250255
random_attack,True,True,4.2622759706425196e-05,22.982145571121357,5.991464547107979,0.24250000205938704
targeted_attack,True,False,9.219922508570913e-05,1.5433017735489185,5.991464547107979,0.2289000003656838
model_consistent_attack,True,False,9.240753955912643e-05,1.5433017735489372,5.991464547107979,0.2265999974042643
clean,False,False,1.2643431738959481e-05,1.9950953726837823,5.991464547107979,0.3099999994446989
random_attack,True,True,4.447260881964428e-05,87.72287047763942,5.991464547107979,0.24629999825265259
targeted_attack,True,False,7.549545843802822e-05,1.9950953726837826,5.991464547107979,0.24510000002919696
model_consistent_attack,True,False,0.00010602472438358737,1.9950953726837684,5.991464547107979,0.23209999926621094
clean,False,False,4.948526055291001e-06,2.0004815989946776,5.991464547107979,0.31970000054570846
random_attack,True,True,4.459096162613946e-05,58.28513547781462,5.991464547107979,0.2516999993531499
targeted_attack,True,False,8.571041432061225e-05,2.0004815989946776,5.991464547107979,0.23230000078910962
model_consistent_attack,True,False,0.00010127383636302589,2.0004815989946816,5.991464547107979,0.225499999942258
clean,False,False,1.7186656966875494e-05,1.5914862839241177,5.991464547107979,0.3493999975034967
random_attack,True,True,3.559262487908152e-05,31.831080771722576,5.991464547107979,0.2539999986765906
targeted_attack,True,False,0.00010284186917143634,1.5914862839241177,5.991464547107979,0.23230000078910962
model_consistent_attack,True,False,9.748694955316056e-05,1.591486283924136,5.991464547107979,0.23370000053546391
clean,False,False,3.9256418661694805e-06,0.6668512128760689,5.991464547107979,0.31940000189933926
random_attack,True,True,5.958731698793738e-05,93.09558621213395,5.991464547107979,0.24919999850681052
targeted_attack,True,False,8.703109593277578e-05,0.6668512128760689,5.991464547107979,0.23130000045057386
model_consistent_attack,True,False,9.876637434606838e-05,0.6668512128760571,5.991464547107979,0.22879999960423447
clean,False,False,1.8695409275899622e-05,2.273744032680818,5.991464547107979,0.3219999998691492
random_attack,True,True,2.9967717940178854e-05,25.169289952406125,5.991464547107979,0.25349999850732274
targeted_attack,True,False,6.922097267704144e-05,2.273744032680818,5.991464547107979,0.2310999989276752
model_consistent_attack,True,False,0.00010806942094082068,2.27374403268081,5.991464547107979,0.2257999985886272
clean,False,False,4.509960973683931e-06,1.4685874853753815,5.991464547107979,0.3304999991087243
random_attack,True,True,3.2138573340674595e-05,133.06594301022596,5.991464547107979,0.2424000012979377
targeted_attack,True,False,8.808059844223588e-05,1.4685874853753815,5.991464547107979,0.22840000019641593
model_consistent_attack,True,False,0.00010114590229577596,1.4685874853753815,5.991464547107979,0.22729999909643084
clean,False,False,7.496719383337874e-06,1.1651022895173428,5.991464547107979,0.3125000002910383
random_attack,True,False,8.2913349303198e-05,1.1651022895173413,5.991464547107979,0.24560000019846484
targeted_attack,True,False,8.022501782264815e-05,1.1651022895173428,5.991464547107979,0.23800000053597614
model_consistent_attack,True,False,0.00010383456386250668,1.1651022895173357,5.991464547107979,0.2280000007885974
clean,False,False,2.2162122435249954e-06,3.257892764897597,5.991464547107979,0.3207000008842442
random_attack,True,True,2.182509885016505e-05,98.73334971950356,5.991464547107979,0.247199997829739
targeted_attack,True,False,8.832379830412769e-05,3.2578927648975973,5.991464547107979,0.23080000028130598
model_consistent_attack,True,False,0.00010027044329613216,3.2578927648976075,5.991464547107979,0.22510000053443946
clean,False,False,6.342655287168898e-06,3.322283822925571,5.991464547107979,0.3566999985196162
random_attack,True,True,5.175099299208684e-05,72.76642705403648,5.991464547107979,0.2567999981692992
targeted_attack,True,False,9.270808642880385e-05,3.322283822925571,5.991464547107979,0.23349999901256524
model_consistent_attack,True,False,9.890121165330532e-05,3.322283822925584,5.991464547107979,0.22670000180369243
clean,False,False,1.1570985149243924e-05,2.097675082428397,5.991464547107979,0.3112999984296039
random_attack,True,True,3.401253610359208e-05,112.59011819304466,5.991464547107979,0.2454999994370155
targeted_attack,True,False,9.654872567144756e-05,2.097675082428397,5.991464547107979,0.23040000087348744
model_consistent_attack,True,False,9.25534130329203e-05,2.0976750824284074,5.991464547107979,0.22920000265003182
clean,False,False,1.189194479336473e-05,5.794635177038605,5.991464547107979,0.3178000006300863
random_attack,True,True,3.34609023496128e-05,22.72843941204919,5.991464547107979,0.24870000197552145
targeted_attack,True,False,9.569499649927884e-05,5.794635177038605,5.991464547107979,0.23409999994328246
model_consistent_attack,True,False,9.529171353945162e-05,5.794635177038595,5.991464547107979,0.2280000007885974
clean,False,False,6.2671644410454645e-06,1.8369229164618057,5.991464547107979,0.36250000266591087
random_attack,True,True,2.2016841816249593e-05,152.33924773215548,5.991464547107979,0.26250000155414455
targeted_attack,True,False,8.287955287920217e-05,1.8369229164618057,5.991464547107979,0.23209999926621094
model_consistent_attack,True,False,0.00010384898354986494,1.8369229164618193,5.991464547107979,0.2266000010422431
clean,False,False,6.935414410700875e-06,1.727251125434266,5.991464547107979,0.3283000005467329
random_attack,True,True,2.3336430482528085e-05,77.71036889644317,5.991464547107979,0.25439999808440916
targeted_attack,True,False,9.027771645926055e-05,1.727251125434266,5.991464547107979,0.2328000009583775
model_consistent_attack,True,False,0.00010153986147477763,1.7272511254342593,5.991464547107979,0.22639999951934442
clean,False,False,8.030282485605767e-06,0.7867183001078414,5.991464547107979,0.33569999868632294
random_attack,True,True,5.57397010302246e-05,35.5620527744469,5.991464547107979,0.2600999978312757
targeted_attack,True,False,8.871528293940946e-05,0.7867183001078414,5.991464547107979,0.231100002565654
model_consistent_attack,True,False,9.747821103376391e-05,0.7867183001078414,5.991464547107979,0.22710000121151097
clean,False,False,8.304765346997985e-06,3.2392978698787376,5.991464547107979,0.31740000122226775
random_attack,True,True,6.650888140533328e-05,146.04016914726574,5.991464547107979,0.24900000062189065
targeted_attack,True,False,9.427962026615789e-05,3.2392978698787376,5.991464547107979,0.23879999935161322
model_consistent_attack,True,False,9.853862800692896e-05,3.23929786987872,5.991464547107979,0.2272000019729603
clean,False,False,2.2931311932050045e-06,3.9954693937533996,5.991464547107979,0.31989999843062833
random_attack,True,True,3.8910169147051006e-05,43.03392517179377,5.991464547107979,0.2714000002015382
targeted_attack,True,False,8.941432152953803e-05,3.9954693937533996,5.991464547107979,0.234499999351101
model_consistent_attack,True,False,9.906704548799399e-05,3.9954693937533934,5.991464547107979,0.22990000070421956
clean,False,False,2.7827815750227636e-06,3.184812081052781,5.991464547107979,0.3050999985134695
random_attack,True,False,4.1886867508131416e-05,3.184812081052781,5.991464547107979,0.24680000205989927
targeted_attack,True,False,8.750180622405106e-05,3.1848120810527814,5.991464547107979,0.2316999998583924
model_consistent_attack,True,False,0.00010169797844334136,3.1848120810527925,5.991464547107979,0.2234999992651865
clean,False,False,6.700543016973845e-06,0.6789726478911897,5.991464547107979,0.30310000147437677
random_attack,True,True,6.547503085743363e-05,47.97438559930753,5.991464547107979,0.24370000028284267
targeted_attack,True,False,8.892407269315895e-05,0.6789726478911898,5.991464547107979,0.2286000017193146
model_consistent_attack,True,False,0.0001004050273186271,0.6789726478911907,5.991464547107979,0.2305999987584073
clean,False,True,4.066296920856278e-06,8.139214964396459,5.991464547107979,0.3097000007983297
random_attack,True,True,8.50290741131033e-05,8.13921496439646,5.991464547107979,0.243499998759944
targeted_attack,True,True,8.50290741131033e-05,8.13921496439646,5.991464547107979,0.2305999987584073
model_consistent_attack,True,True,9.978898603107175e-05,8.139214964396434,5.991464547107979,0.2268999996886123
clean,False,False,9.752081117425284e-06,5.201087469529668,5.991464547107979,0.3079999987676274
random_attack,True,True,2.2465834204659915e-05,168.18331352488522,5.991464547107979,0.2451999971526675
targeted_attack,True,False,9.453437070265245e-05,5.201087469529667,5.991464547107979,0.2319999985047616
model_consistent_attack,True,False,9.360074788800019e-05,5.2010874695296625,5.991464547107979,0.2280000007885974
clean,False,False,8.250366398068207e-06,0.43386616867925254,5.991464547107979,0.3271999994467478
random_attack,True,True,2.0674435834869428e-05,149.8645688492152,5.991464547107979,0.24810000104480423
targeted_attack,True,False,9.408583511838839e-05,0.43386616867925254,5.991464547107979,0.23289999808184803
model_consistent_attack,True,False,9.562125634722204e-05,0.43386616867925365,5.991464547107979,0.22779999926569872
clean,False,False,9.61301542850783e-06,1.3295173785545165,5.991464547107979,0.30390000029001385
random_attack,True,True,5.1588703789914905e-05,94.03660015323739,5.991464547107979,0.2469000028213486
targeted_attack,True,False,9.479409042464759e-05,1.3295173785545162,5.991464547107979,0.23209999926621094
model_consistent_attack,True,False,9.70784689894182e-05,1.329517378554519,5.991464547107979,0.23460000011255033
clean,False,False,1.8029538120383702e-05,2.529283647589731,5.991464547107979,0.3051999992749188
random_attack,True,True,3.492769971113094e-05,55.87606950759302,5.991464547107979,0.2522000031603966
targeted_attack,True,False,7.598421840022521e-05,2.529283647589731,5.991464547107979,0.23090000104275532
model_consistent_attack,True,False,0.00010671985422503806,2.5292836475897476,5.991464547107979,0.22760000138077885
clean,False,False,1.2293463904963945e-05,1.229923832096612,5.991464547107979,0.30450000122073106
random_attack,True,False,8.752996808823667e-05,1.2299238320966126,5.991464547107979,0.24669999766047113
targeted_attack,True,False,9.941750625984398e-05,1.229923832096612,5.991464547107979,0.23099999816622585
model_consistent_attack,True,False,9.48656581800043e-05,1.2299238320966202,5.991464547107979,0.22900000112713315
clean,False,False,3.711383093289521e-06,0.9152088119364395,5.991464547107979,0.316400000883732
random_attack,True,True,4.759384387194232e-05,100.03554271722255,5.991464547107979,0.24529999791411683
targeted_attack,True,False,8.515415011540256e-05,0.9152088119364395,5.991464547107979,0.23010000222711824
model_consistent_attack,True,False,0.00010357084492164652,0.9152088119364387,5.991464547107979,0.2260999972349964
clean,False,False,1.4258528345936384e-06,0.18360014707182093,5.991464547107979,0.3133999998681247
random_attack,True,True,3.2832629924534186e-05,23.030768773283512,5.991464547107979,0.25210000239894725
targeted_attack,True,False,8.613387359872263e-05,0.18360014707182093,5.991464547107979,0.23380000129691325
model_consistent_attack,True,False,0.00010075366483263589,0.18360014707181643,5.991464547107979,0.23039999723550864
clean,False,False,1.2127073374446577e-05,4.9383851798228,5.991464547107979,0.8978000005299691
random_attack,True,True,1.981209149681539e-05,181.54739607164169,5.991464547107979,0.3495999990263954
targeted_attack,True,False,9.851193543748654e-05,4.9383851798228,5.991464547107979,0.2396000018052291
model_consistent_attack,True,False,9.757390891427392e-05,4.938385179822819,5.991464547107979,0.23230000078910962
clean,False,False,4.051079094575576e-06,0.8914110870200808,5.991464547107979,0.33430000257794745
random_attack,True,True,3.5669828768658546e-05,129.31378592787559,5.991464547107979,0.25009999808389693
targeted_attack,True,False,9.07511354648333e-05,0.8914110870200808,5.991464547107979,0.23850000070524402
model_consistent_attack,True,False,9.981305663095436e-05,0.8914110870200758,5.991464547107979,0.23890000011306256
clean,False,False,4.269664607014174e-06,2.5925059096162726,5.991464547107979,0.3481999992800411
random_attack,True,True,3.741243642384338e-05,23.129438713930654,5.991464547107979,0.2509000005375128
targeted_attack,True,False,8.757792409560178e-05,2.592505909616272,5.991464547107979,0.24169999960577115
model_consistent_attack,True,False,9.755726002056014e-05,2.592505909616276,5.991464547107979,0.35910000224248506
clean,False,False,5.362695734649622e-06,2.2875907745241766,5.991464547107979,0.3097000007983297
random_attack,True,True,4.3257252564691894e-05,31.46392512052548,5.991464547107979,0.24399999892921187
targeted_attack,True,False,8.286908827178087e-05,2.2875907745241766,5.991464547107979,0.22810000155004673
model_consistent_attack,True,False,0.00010159526816175405,2.2875907745241686,5.991464547107979,0.22419999731937423
clean,False,False,8.630614214878242e-06,0.7770530881581156,5.991464547107979,0.30669999978272244
random_attack,True,True,3.878528077491281e-05,26.800230163394694,5.991464547107979,0.24649999977555126
targeted_attack,True,False,8.566987687594822e-05,0.7770530881581157,5.991464547107979,0.23010000222711824
model_consistent_attack,True,False,0.00010066240785204041,0.7770530881581208,5.991464547107979,0.22470000112662092
clean,False,False,6.532487098525319e-06,1.6242252898041896,5.991464547107979,0.2960999991046265
random_attack,True,True,7.098993205231393e-05,79.44125180179981,5.991464547107979,0.23880000298959203
targeted_attack,True,False,8.729808424249047e-05,1.6242252898041893,5.991464547107979,0.22680000256514177
model_consistent_attack,True,False,0.00010368367527264092,1.6242252898041856,5.991464547107979,0.22570000146515667
clean,False,False,2.7835777157108212e-06,1.9439031639734095,5.991464547107979,0.30450000122073106
random_attack,True,True,2.3785664604605297e-05,142.77470157860293,5.991464547107979,0.24580000172136351
targeted_attack,True,False,8.695063617491498e-05,1.9439031639734097,5.991464547107979,0.23040000087348744
model_consistent_attack,True,False,0.00010182254074836987,1.9439031639734252,5.991464547107979,0.2358999990974553
clean,False,False,7.770051340134824e-06,1.7946374657666917,5.991464547107979,0.2964000013889745
random_attack,True,True,2.0169482277817972e-05,169.44454233379105,5.991464547107979,0.23800000053597614
targeted_attack,True,False,9.501474885476521e-05,1.7946374657666917,5.991464547107979,0.22510000053443946
model_consistent_attack,True,False,9.674384112537027e-05,1.7946374657666984,5.991464547107979,0.2223999981652014
clean,False,False,9.015942266735064e-06,2.909152590183514,5.991464547107979,0.3077000001212582
random_attack,True,True,1.5195329933447119e-05,152.3013092248449,5.991464547107979,0.24589999884483404
targeted_attack,True,False,9.623213531358192e-05,2.9091525901835134,5.991464547107979,0.23220000002766028
model_consistent_attack,True,False,9.766018359849881e-05,2.9091525901835213,5.991464547107979,0.22990000070421956
clean,False,False,4.346423171074003e-06,0.14498161398922438,5.991464547107979,0.3042999996978324
random_attack,True,True,2.6489528898551074e-05,136.98660373272696,5.991464547107979,0.247199997829739
targeted_attack,True,False,8.530979706583065e-05,0.14498161398922438,5.991464547107979,0.23130000045057386
model_consistent_attack,True,False,0.0001008314554345704,0.14498161398922532,5.991464547107979,0.23080000028130598
clean,False,False,1.3813736120851533e-05,0.3213229987613625,5.991464547107979,0.32450000071548857
random_attack,True,True,2.9832775269215875e-05,92.04664834012262,5.991464547107979,0.28049999673385173
targeted_attack,True,False,7.438276339900779e-05,0.3213229987613626,5.991464547107979,0.2454999994370155
model_consistent_attack,True,False,0.00010507232715827635,0.3213229987613553,5.991464547107979,0.2213000007031951
clean,False,False,1.0761215940102467e-05,0.7908159764761142,5.991464547107979,0.32890000147745013
random_attack,True,True,6.566400844604916e-05,34.08911673230476,5.991464547107979,0.2505000011296943
targeted_attack,True,False,7.701080428462307e-05,0.7908159764761142,5.991464547107979,0.23100000180420466
model_consistent_attack,True,False,0.0001073909388285292,0.7908159764761022,5.991464547107979,0.22739999985788018
clean,False,False,1.2565055141133857e-05,1.7001151466736628,5.991464547107979,0.3329999999550637
random_attack,True,True,3.8305652941420624e-05,60.536873521418954,5.991464547107979,0.25599999935366213
targeted_attack,True,False,7.629942318825838e-05,1.7001151466736628,5.991464547107979,0.23320000036619604
model_consistent_attack,True,False,0.00010209708457974523,1.7001151466736562,5.991464547107979,0.2351000002818182
clean,False,False,6.799231480716302e-06,1.3550248525849997,5.991464547107979,0.325400000292575
random_attack,True,True,2.9738093104877688e-05,74.44375196109627,5.991464547107979,0.2499999973224476
targeted_attack,True,False,8.499245812117442e-05,1.3550248525849995,5.991464547107979,0.23220000002766028
model_consistent_attack,True,False,0.00010154427376772472,1.3550248525849935,5.991464547107979,0.25119999918388203
clean,False,False,9.003541949004752e-06,1.4341680875908858,5.991464547107979,0.3108000018983148
random_attack,True,True,7.61846076952715e-05,98.88700053059466,5.991464547107979,0.2449000021442771
targeted_attack,True,False,9.621783849174544e-05,1.4341680875908858,5.991464547107979,0.22979999994277023
model_consistent_attack,True,False,9.675561310435447e-05,1.4341680875908824,5.991464547107979,0.22619999799644575
clean,False,False,6.046850910557869e-06,0.2691293838489576,5.991464547107979,0.35849999767378904
random_attack,True,True,2.735486920027602e-05,99.38693999733138,5.991464547107979,0.25099999766098335
targeted_attack,True,False,8.246729608296868e-05,0.2691293838489576,5.991464547107979,0.2359000027354341
model_consistent_attack,True,False,0.00010279947042631469,0.26912938384895707,5.991464547107979,0.22850000095786527
clean,False,False,8.484674163692401e-06,2.039358644310026,5.991464547107979,0.31820000003790483
random_attack,True,True,5.196397790798028e-05,102.19036655002472,5.991464547107979,0.24850000045262277
targeted_attack,True,False,7.990161899251617e-05,2.0393586443100262,5.991464547107979,0.23209999926621094
model_consistent_attack,True,False,0.00010340798005806326,2.039358644310026,5.991464547107979,0.22769999850424938
clean,False,False,9.892109440647155e-06,1.815580740689853,5.991464547107979,0.33959999927901663
random_attack,True,True,4.0192916259445436e-05,136.32952979026382,5.991464547107979,0.2586999980849214
targeted_attack,True,False,8.312356878629506e-05,1.8155807406898532,5.991464547107979,0.24370000028284267
model_consistent_attack,True,False,0.0001006223491709824,1.8155807406898599,5.991464547107979,0.23149999833549373
clean,False,False,4.575631381474656e-06,2.3487454923328404,5.991464547107979,0.3394999985175673
random_attack,True,True,5.6785125622508265e-05,103.02011809302394,5.991464547107979,0.2967000000353437
targeted_attack,True,False,8.526993892466622e-05,2.3487454923328404,5.991464547107979,0.25610000011511147
model_consistent_attack,True,False,0.00010234395847367547,2.348745492332828,5.991464547107979,0.23399999918183312
clean,False,False,9.807640596678365e-06,0.8191058219538256,5.991464547107979,0.31269999817595817
random_attack,True,True,3.819175183244364e-05,75.86860751277906,5.991464547107979,0.2507999997760635
targeted_attack,True,False,9.574733445032814e-05,0.8191058219538256,5.991464547107979,0.23159999909694307
model_consistent_attack,True,False,9.740698647721173e-05,0.8191058219538192,5.991464547107979,0.2280000007885974
clean,False,False,1.0417939634950982e-05,1.9354458270114931,5.991464547107979,0.3957999979320448
random_attack,True,True,1.6348927828537196e-05,151.8489602059032,5.991464547107979,0.28729999758070335
targeted_attack,True,False,9.76166930082303e-05,1.935445827011493,5.991464547107979,0.2604000001156237
model_consistent_attack,True,False,9.515939595505577e-05,1.9354458270114838,5.991464547107979,0.23799999689799733
clean,False,False,9.575305185708587e-06,0.1064855426756375,5.991464547107979,0.3448999996180646
random_attack,True,False,9.601708458022753e-05,0.10648554267563749,5.991464547107979,0.2555999999458436
targeted_attack,True,False,7.922494813827487e-05,0.1064855426756375,5.991464547107979,0.23370000053546391
model_consistent_attack,True,False,0.00010303146253557317,0.10648554267563536,5.991464547107979,0.22600000011152588
clean,False,False,2.8604810523365184e-06,0.2285980553199353,5.991464547107979,0.31599999783793464
random_attack,True,True,5.0921832096358026e-05,46.24001287024673,5.991464547107979,0.2463000018906314
targeted_attack,True,False,8.61354973863623e-05,0.2285980553199353,5.991464547107979,0.23180000061984174
model_consistent_attack,True,False,0.00010273382844594046,0.22859805531993757,5.991464547107979,0.2285999980813358
clean,False,False,5.512133278036069e-06,0.18813774807833045,5.991464547107979,0.39060000199242495
random_attack,True,True,4.373246985259224e-05,23.737702154843156,5.991464547107979,0.2932999996119179
targeted_attack,True,False,8.394115618180714e-05,0.18813774807833045,5.991464547107979,0.2432000001135748
model_consistent_attack,True,False,0.00010050709196019382,0.1881377480783316,5.991464547107979,0.23230000078910962
clean,False,False,1.2030970694484778e-05,1.7336403828113705,5.991464547107979,0.31089999902178533
random_attack,True,True,5.76653074512288e-05,100.1299837577616,5.991464547107979,0.2530000019760337
targeted_attack,True,False,7.825155197821148e-05,1.7336403828113705,5.991464547107979,0.23370000053546391
model_consistent_attack,True,False,0.00010766930608317592,1.7336403828113671,5.991464547107979,0.22710000121151097
clean,False,False,1.0583438370974213e-05,5.380459111699074,5.991464547107979,0.3150999982608482
random_attack,True,True,5.84955333529204e-05,82.99056271743875,5.991464547107979,0.24359999952139333
targeted_attack,True,False,7.977669886235673e-05,5.380459111699074,5.991464547107979,0.22949999765842222
model_consistent_attack,True,False,9.98315634492656e-05,5.38045911169905,5.991464547107979,0.2243999988422729
clean,False,False,8.295552440133863e-06,0.62894770483712,5.991464547107979,0.3400999994482845
random_attack,True,True,2.3595945043676175e-05,101.57273432350729,5.991464547107979,0.298099999781698
targeted_attack,True,False,8.461742018233322e-05,0.6289477048371199,5.991464547107979,0.23859999782871455
model_consistent_attack,True,False,0.00010552465124148443,0.62894770483712,5.991464547107979,0.22710000121151097
clean,False,False,4.814631887650267e-06,2.5128505706334807,5.991464547107979,0.3141999986837618
random_attack,True,True,4.3209385203335516e-05,45.76531534507548,5.991464547107979,0.24750000011408702
targeted_attack,True,False,8.762405592975864e-05,2.5128505706334807,5.991464547107979,0.23020000298856758
model_consistent_attack,True,False,0.00010154535567959754,2.512850570633495,5.991464547107979,0.22819999867351726
clean,False,False,7.158955985122057e-06,2.2085737104658154,5.991464547107979,0.3117000014754012
random_attack,True,False,8.98296957875295e-05,2.208573710465815,5.991464547107979,0.2520000016374979
targeted_attack,True,False,8.570663367741007e-05,2.2085737104658154,5.991464547107979,0.23400000281981193
model_consistent_attack,True,False,0.00010034109002037514,2.2085737104658216,5.991464547107979,0.23040000087348744
clean,False,False,7.9974539715363e-06,5.775646439779935,5.991464547107979,0.3257999997003935
random_attack,True,True,2.922349059412969e-05,76.13866316349804,5.991464547107979,0.2509000005375128
targeted_attack,True,False,7.984319408549328e-05,5.775646439779935,5.991464547107979,0.3169999981764704
model_consistent_attack,True,False,0.00010540751129100072,5.7756464397799485,5.991464547107979,0.23690000307396986
clean,False,False,8.841457809148407e-06,0.13690469240358835,5.991464547107979,0.3026000013051089
random_attack,True,True,5.433570093000378e-05,40.95389079747852,5.991464547107979,0.243499998759944
targeted_attack,True,False,7.975952370641181e-05,0.13690469240358835,5.991464547107979,0.2300000014656689
model_consistent_attack,True,False,0.00010468817438839854,0.13690469240358738,5.991464547107979,0.22519999765791
clean,False,False,1.0595751990187679e-05,0.2148414129403729,5.991464547107979,0.3085999996983446
random_attack,True,True,6.838191884513067e-05,114.9977008195706,5.991464547107979,0.24029999985941686
targeted_attack,True,False,7.822584610684778e-05,0.21484141294037293,5.991464547107979,0.22869999884278513
model_consistent_attack,True,False,0.00010359874358154088,0.2148414129403745,5.991464547107979,0.24739999935263768
clean,False,False,1.046452510744244e-05,1.4248263792817448,5.991464547107979,0.37009999869042076
random_attack,True,True,6.973727365004293e-05,95.535065289796,5.991464547107979,0.27580000096349977
targeted_attack,True,False,7.742372493867537e-05,1.424826379281745,5.991464547107979,0.2420999990135897
model_consistent_attack,True,False,0.00010332608154602092,1.4248263792817448,5.991464547107979,0.23570000121253543
clean,False,False,1.6188461474342946e-05,0.08375216996821974,5.991464547107979,0.3203000014764257
random_attack,True,True,3.6471816632896366e-05,29.131015146383827,5.991464547107979,0.24639999901410192
targeted_attack,True,False,0.00010200221405557667,0.08375216996821974,5.991464547107979,0.2396000018052291
model_consistent_attack,True,False,9.857329079384401e-05,0.08375216996821758,5.991464547107979,0.22909999825060368
clean,False,False,5.61968301829111e-06,2.9628235554214406,5.991464547107979,0.3206999972462654
random_attack,True,True,3.838514500773339e-05,110.73278207851287,5.991464547107979,0.24960000155260786
targeted_attack,True,False,9.114631774245656e-05,2.9628235554214406,5.991464547107979,0.23050000163493678
model_consistent_attack,True,False,0.00010129968731400455,2.9628235554214517,5.991464547107979,0.2257999985886272
clean,False,False,7.033785198552714e-06,2.766246887828779,5.991464547107979,0.3242999991925899
random_attack,True,True,2.694363947562108e-05,145.2607477713669,5.991464547107979,0.2547000003687572
targeted_attack,True,False,8.134792896098831e-05,2.766246887828779,5.991464547107979,0.23330000112764537
model_consistent_attack,True,False,0.00010261352217034295,2.766246887828779,5.991464547107979,0.2305999987584073
clean,False,False,7.598811803584785e-06,0.17882759878071913,5.991464547107979,0.31550000130664557
random_attack,True,True,4.686712959528917e-05,82.69075658689427,5.991464547107979,0.24119999943650328
targeted_attack,True,False,8.488771299393065e-05,0.17882759878071913,5.991464547107979,0.23009999858913943
model_consistent_attack,True,False,9.720090750791236e-05,0.17882759878071913,5.991464547107979,0.22729999909643084
clean,False,False,5.6960508130788365e-06,1.2296178103534119,5.991464547107979,0.3297000002930872
random_attack,True,True,6.432653713323067e-05,99.69094204515503,5.991464547107979,0.2440999996906612
targeted_attack,True,False,9.214241304884956e-05,1.2296178103534117,5.991464547107979,0.2308999974047765
model_consistent_attack,True,False,0.00010045685658254493,1.2296178103534174,5.991464547107979,0.22739999985788018
clean,False,False,1.6074875127695776e-05,0.9134143681436768,5.991464547107979,0.3375000014784746
random_attack,True,True,3.770358614468925e-05,127.70494594774183,5.991464547107979,0.2494000000297092
targeted_attack,True,False,0.00010342210017406793,0.9134143681436768,5.991464547107979,0.23220000002766028
model_consistent_attack,True,False,9.492897144922168e-05,0.9134143681436818,5.991464547107979,0.22790000002714805
clean,False,False,6.455022014915191e-06,3.747787475137587,5.991464547107979,0.36190000173519365
random_attack,True,True,3.7327580065896693e-05,47.43586576509491,5.991464547107979,0.252499998168787
targeted_attack,True,False,8.656680189834196e-05,3.747787475137586,5.991464547107979,0.2420999990135897
model_consistent_attack,True,False,0.00010067183225653455,3.747787475137584,5.991464547107979,0.22900000112713315
clean,False,False,4.7258335287214216e-06,2.979808457964588,5.991464547107979,0.3212000010535121
random_attack,True,True,6.96216649629275e-05,72.44544195590746,5.991464547107979,0.24879999909899198
targeted_attack,True,False,8.997102294165535e-05,2.979808457964588,5.991464547107979,0.23839999994379468
model_consistent_attack,True,False,9.691531603249773e-05,2.9798084579645785,5.991464547107979,0.2310999989276752
clean,False,False,4.238004107167372e-06,0.004705647708535774,5.991464547107979,0.3068000005441718
random_attack,True,True,5.315345796760223e-05,45.017352912984705,5.991464547107979,0.2507999997760635
targeted_attack,True,False,9.130795642284682e-05,0.004705647708535773,5.991464547107979,0.23409999994328246
model_consistent_attack,True,False,9.9797201478211e-05,0.0047056477085355725,5.991464547107979,0.22739999985788018
clean,False,False,9.821076040625361e-06,1.5964744636277546,5.991464547107979,0.30890000198269263
random_attack,True,True,4.606959682280897e-05,44.88627590022297,5.991464547107979,0.24879999909899198
targeted_attack,True,False,7.896190010465177e-05,1.5964744636277548,5.991464547107979,0.23519999740528874
model_consistent_attack,True,False,0.00010275080753473144,1.5964744636277535,5.991464547107979,0.22790000002714805
clean,False,False,5.938781577840677e-06,3.2724906139020753,5.991464547107979,0.3118999993603211
random_attack,True,False,4.526477589368619e-05,3.272490613902078,5.991464547107979,0.2463000018906314
targeted_attack,True,False,8.268964875117791e-05,3.2724906139020753,5.991464547107979,0.23379999765893444
model_consistent_attack,True,False,0.0001021917287530845,3.2724906139020753,5.991464547107979,0.22840000019641593
clean,False,False,3.007863769759883e-06,0.7965654026062241,5.991464547107979,0.3222999985155184
random_attack,True,True,2.7721145216222132e-05,152.2394955123993,5.991464547107979,0.24850000045262277
targeted_attack,True,False,8.523862695392317e-05,0.7965654026062241,5.991464547107979,0.23249999867402948
model_consistent_attack,True,False,0.00010013897234690766,0.7965654026062239,5.991464547107979,0.22729999909643084
clean,False,False,5.185299889584694e-06,0.4218043312771285,5.991464547107979,0.30249999690568075
random_attack,True,True,5.5865972570949246e-05,33.23317503537262,5.991464547107979,0.24330000087502412
targeted_attack,True,False,8.395184811858258e-05,0.42180433127712846,5.991464547107979,0.22910000188858248
model_consistent_attack,True,False,0.00010383856708618068,0.421804331277121,5.991464547107979,0.22370000078808516
clean,False,True,3.4966371354491628e-06,6.589258488242196,5.991464547107979,0.30390000029001385
random_attack,True,True,2.7290660063066346e-05,83.37456477110527,5.991464547107979,0.24900000062189065
targeted_attack,True,True,8.884176144166531e-05,6.589258488242196,5.991464547107979,0.2303000001120381
model_consistent_attack,True,True,0.00010103788820321351,6.589258488242177,5.991464547107979,0.225800002226606
clean,False,False,8.083929936064836e-06,2.0750106440826697,5.991464547107979,0.3056999994441867
random_attack,True,True,4.703687871187352e-05,25.852683893195476,5.991464547107979,0.24480000138282776
targeted_attack,True,False,9.264042796639382e-05,2.0750106440826697,5.991464547107979,0.23009999858913943
model_consistent_attack,True,False,9.692415035012384e-05,2.075010644082673,5.991464547107979,0.23239999791258015
clean,False,False,2.9441211918360806e-06,2.0377659899824794,5.991464547107979,0.31820000003790483
random_attack,True,True,3.2474526110227243e-05,84.15733709917023,5.991464547107979,0.23750000036670826
targeted_attack,True,False,8.95926314783689e-05,2.0377659899824794,5.991464547107979,0.22480000188807026
model_consistent_attack,True,False,9.977572615841244e-05,2.0377659899824794,5.991464547107979,0.22080000053392723
clean,False,False,7.951662115319978e-06,0.5044291134492279,5.991464547107979,0.3044000004592817
random_attack,True,True,6.715252693785276e-05,99.89229666681427,5.991464547107979,0.24420000045211054
targeted_attack,True,False,9.519009597776484e-05,0.504429113449228,5.991464547107979,0.23040000087348744
model_consistent_attack,True,False,9.595647616838727e-05,0.5044291134492229,5.991464547107979,0.22499999977299012
clean,False,False,7.393904804281029e-06,5.648196525147339,5.991464547107979,0.30780000088270754
random_attack,True,True,2.6698034334179083e-05,159.4044886570673,5.991464547107979,0.24510000002919696
targeted_attack,True,False,9.199338109012949e-05,5.648196525147339,5.991464547107979,0.2282999994349666
model_consistent_attack,True,False,9.880832339164084e-05,5.648196525147332,5.991464547107979,0.22519999765791
clean,False,False,8.90342085931678e-06,0.003618343073712351,5.991464547107979,0.30839999817544594
random_attack,True,True,1.9706521491757747e-05,136.72495207623336,5.991464547107979,0.24340000163647346
targeted_attack,True,False,9.595029716453097e-05,0.0036183430737123505,5.991464547107979,0.22950000129640102
model_consistent_attack,True,False,9.775770037932315e-05,0.0036183430737120044,5.991464547107979,0.22700000045006163
clean,False,False,9.491030156384821e-06,3.4623154557104012,5.991464547107979,0.3085999996983446
random_attack,True,True,4.399150494808387e-05,35.314968255092936,5.991464547107979,0.2449000021442771
targeted_attack,True,False,9.54550736718047e-05,3.4623154557104017,5.991464547107979,0.23009999858913943
model_consistent_attack,True,False,9.461367612264307e-05,3.4623154557103972,5.991464547107979,0.22480000188807026
clean,False,False,1.1614053014843823e-05,1.0025491603756238,5.991464547107979,0.3079000016441569
random_attack,True,True,3.616655636082731e-05,31.540756638756594,5.991464547107979,0.24589999884483404
targeted_attack,True,False,7.626767665177889e-05,1.0025491603756238,5.991464547107979,0.2410000015515834
model_consistent_attack,True,False,0.00010752355329987237,1.0025491603756256,5.991464547107979,0.22769999850424938
clean,False,False,1.4241094431105296e-05,2.212547896313913,5.991464547107979,0.3031999985978473
random_attack,True,True,2.6342292929114402e-05,172.1358508515761,5.991464547107979,0.24480000138282776
targeted_attack,True,False,7.425228517293916e-05,2.2125478963139136,5.991464547107979,0.23019999935058877
model_consistent_attack,True,False,0.0001071525679639073,2.2125478963139114,5.991464547107979,0.2266000010422431
clean,False,False,7.978001683686782e-06,1.96048482196852,5.991464547107979,0.3023999997822102
random_attack,True,True,2.2644923835704736e-05,105.90347804951253,5.991464547107979,0.24470000062137842
targeted_attack,True,False,9.42171999252647e-05,1.9604848219685196,5.991464547107979,0.22879999960423447
model_consistent_attack,True,False,9.456109697690802e-05,1.9604848219685196,5.991464547107979,0.2257999985886272
clean,False,False,1.3375296663269986e-05,0.03880654430663734,5.991464547107979,0.3056999994441867
random_attack,True,True,5.186253413332097e-05,36.43480965501957,5.991464547107979,0.2418000003672205
targeted_attack,True,False,7.494869985559957e-05,0.03880654430663734,5.991464547107979,0.22959999841987155
model_consistent_attack,True,False,0.0001082005082372171,0.03880654430663623,5.991464547107979,0.22479999825009145
clean,False,False,5.4468471066058866e-06,1.9197005879860045,5.991464547107979,0.30500000138999894
random_attack,True,True,3.0444873530236618e-05,146.46887237506363,5.991464547107979,0.24390000180574134
targeted_attack,True,False,8.336106324270749e-05,1.9197005879860045,5.991464547107979,0.2314000012120232
model_consistent_attack,True,False,0.0001009140680638652,1.9197005879860163,5.991464547107979,0.22819999867351726
clean,False,False,5.393537091880397e-06,2.1318022270344907,5.991464547107979,0.4583000009006355
random_attack,True,False,7.0705945725489e-05,2.1318022270344903,5.991464547107979,0.39770000148564577
targeted_attack,True,False,8.235084839954676e-05,2.1318022270344907,5.991464547107979,0.24090000079013407
model_consistent_attack,True,False,0.00010350964906175583,2.131802227034481,5.991464547107979,0.2303000001120381
clean,False,False,4.901741373996205e-06,0.1917802116534624,5.991464547107979,0.30610000248998404
random_attack,True,True,4.515724011077572e-05,38.445971067527495,5.991464547107979,0.2432000001135748
targeted_attack,True,False,8.765955870851668e-05,0.19178021165346243,5.991464547107979,0.2303000001120381
model_consistent_attack,True,False,0.00010155655635693441,0.19178021165346443,5.991464547107979,0.2252000012958888
clean,False,False,6.3408362023859075e-06,1.7675317064337799,5.991464547107979,0.30279999919002876
random_attack,True,True,5.660762755597751e-05,60.127816383619646,5.991464547107979,0.2477000016369857
targeted_attack,True,False,9.332471782179546e-05,1.7675317064337797,5.991464547107979,0.2342000007047318
model_consistent_attack,True,False,9.507624592922795e-05,1.7675317064337945,5.991464547107979,0.22460000036517158
clean,False,False,6.986397003226293e-06,0.5246605674861027,5.991464547107979,0.31230000240611844
random_attack,True,False,7.001493684460092e-05,0.5246605674861026,5.991464547107979,0.24499999926774763
targeted_attack,True,False,9.31935349230281e-05,0.5246605674861026,5.991464547107979,0.22840000019641593
model_consistent_attack,True,False,9.810882376768653e-05,0.5246605674861027,5.991464547107979,0.22569999782717787
clean,False,True,1.0794555985524252e-05,7.201267974895878,5.991464547107979,0.3150999982608482
random_attack,True,True,2.992818516593165e-05,78.876889306236,5.991464547107979,0.2432000001135748
targeted_attack,True,True,7.691653812159147e-05,7.201267974895877,5.991464547107979,0.2296999991813209
model_consistent_attack,True,True,0.00010693861844062839,7.201267974895878,5.991464547107979,0.22570000146515667
clean,False,False,5.703618657844682e-06,0.5740000090272904,5.991464547107979,0.3104999996139668
random_attack,True,True,6.059036803304524e-05,28.174720941100436,5.991464547107979,0.24219999977503903
targeted_attack,True,False,9.13333270750381e-05,0.5740000090272903,5.991464547107979,0.23090000104275532
model_consistent_attack,True,False,9.619480213380834e-05,0.5740000090273002,5.991464547107979,0.22639999951934442
clean,False,False,7.151229583506421e-06,0.1728269596591139,5.991464547107979,0.307099999190541
random_attack,True,False,4.222262979503342e-05,0.1728269596591115,5.991464547107979,0.24909999774536118
targeted_attack,True,False,9.416791513377523e-05,0.1728269596591139,5.991464547107979,0.22979999994277023
model_consistent_attack,True,False,9.672238132484976e-05,0.1728269596591098,5.991464547107979,0.22460000036517158
clean,False,False,6.961137949050067e-06,1.150903148997866,5.991464547107979,0.30980000155977905
random_attack,True,True,5.655175681009649e-05,50.77909085723746,5.991464547107979,0.24249999842140824
targeted_attack,True,False,8.420231544819327e-05,1.150903148997866,5.991464547107979,0.23040000087348744
model_consistent_attack,True,False,0.00010345271564152737,1.15090314899787,5.991464547107979,0.225499999942258
clean,False,False,7.737133260551493e-06,0.631660065891087,5.991464547107979,0.3682999995362479
random_attack,True,True,2.0216780240510585e-05,124.93832386238229,5.991464547107979,0.2587999988463707
targeted_attack,True,False,8.949511728360295e-05,0.631660065891087,5.991464547107979,0.23969999892869964
model_consistent_attack,True,False,0.00010303300901057561,0.6316600658910907,5.991464547107979,0.22990000070421956
clean,False,False,6.691690492565945e-06,0.9429446276640805,5.991464547107979,0.3042999996978324
random_attack,True,True,6.248490807755425e-05,34.133838108814686,5.991464547107979,0.24359999952139333
targeted_attack,True,False,8.434447739119857e-05,0.9429446276640805,5.991464547107979,0.23069999951985665
model_consistent_attack,True,False,0.00010095162154861308,0.9429446276640758,5.991464547107979,0.2310999989276752
clean,False,False,8.680278161842936e-06,1.0535618934362905,5.991464547107979,0.3105000032519456
random_attack,True,True,3.556697032579093e-05,97.04333445790756,5.991464547107979,0.24500000290572643
targeted_attack,True,False,8.176772373482191e-05,1.0535618934362905,5.991464547107979,0.23039999723550864
model_consistent_attack,True,False,0.00010461777585346942,1.0535618934362974,5.991464547107979,0.22540000281878747
clean,False,False,7.058833852446379e-06,4.828658773407438,5.991464547107979,0.3495999990263954
random_attack,True,True,6.211643886765101e-05,98.18886633184042,5.991464547107979,0.2558999985922128
targeted_attack,True,False,8.059656577015968e-05,4.828658773407438,5.991464547107979,0.23330000112764537
model_consistent_attack,True,False,0.00010399701009983385,4.828658773407449,5.991464547107979,0.23270000019692816
